99, 2019-03-17 16:56:15, 139.759152, 35.707596
23, 2019-03-17 16:56:19, 139.758976, 35.707464
99, 2019-03-17 16:56:23, 139.759072, 35.707624
23, 2019-03-17 16:56:27, 139.758976, 35.707464
99, 2019-03-17 16:56:31, 139.758816, 35.70744
23, 2019-03-17 16:56:35, 139.758976, 35.707464
99, 2019-03-17 16:56:39, 139.759008, 35.70736
23, 2019-03-17 16:56:43, 139.759024, 35.707352
99, 2019-03-17 16:56:47, 139.759056, 35.707312
23, 2019-03-17 16:56:51, 139.75904, 35.707316
99, 2019-03-17 16:56:55, 139.759072, 35.7073
23, 2019-03-17 16:56:59, 139.759056, 35.70734
99, 2019-03-17 16:57:03, 139.759696, 35.707256
23, 2019-03-17 16:57:07, 139.759056, 35.707368
99, 2019-03-17 16:57:11, 139.76032, 35.707304
23, 2019-03-17 16:57:15, 139.759904, 35.70744
99, 2019-03-17 16:57:19, 139.76032, 35.707304
23, 2019-03-17 16:57:23, 139.760256, 35.707508
99, 2019-03-17 16:57:27, 139.760272, 35.7074
23, 2019-03-17 16:57:31, 139.760272, 35.707512
99, 2019-03-17 16:57:35, 139.760208, 35.70754
23, 2019-03-17 16:57:39, 139.76032, 35.707448
99, 2019-03-17 16:57:43, 139.760352, 35.707564
23, 2019-03-17 16:57:47, 139.760368, 35.707444
99, 2019-03-17 16:57:51, 139.760352, 35.707568
23, 2019-03-17 16:57:55, 139.760512, 35.707492
99, 2019-03-17 16:57:59, 139.760192, 35.708088
23, 2019-03-17 16:58:03, 139.76056, 35.70754
99, 2019-03-17 16:58:07, 139.76, 35.70958
23, 2019-03-17 16:58:11, 139.760448, 35.708544
99, 2019-03-17 16:58:15, 139.759808, 35.711164
23, 2019-03-17 16:58:19, 139.760208, 35.710064
99, 2019-03-17 16:58:23, 139.759344, 35.713132
23, 2019-03-17 16:58:27, 139.759776, 35.711796
99, 2019-03-17 16:58:31, 139.758896, 35.714736
23, 2019-03-17 16:58:35, 139.759264, 35.713684
99, 2019-03-17 16:58:39, 139.758768, 35.715152
23, 2019-03-17 16:58:43, 139.758768, 35.715172
99, 2019-03-17 16:58:47, 139.759872, 35.71538
23, 2019-03-17 16:58:51, 139.758912, 35.715332
99, 2019-03-17 16:58:55, 139.761872, 35.71584
23, 2019-03-17 16:58:59, 139.760528, 35.71558
99, 2019-03-17 16:59:03, 139.76352, 35.716776
23, 2019-03-17 16:59:07, 139.762384, 35.716136
99, 2019-03-17 16:59:11, 139.764304, 35.717144
23, 2019-03-17 16:59:15, 139.764016, 35.717092
99, 2019-03-17 16:59:19, 139.764816, 35.716764
23, 2019-03-17 16:59:23, 139.764464, 35.717108
99, 2019-03-17 16:59:27, 139.765312, 35.71642
23, 2019-03-17 16:59:31, 139.765104, 35.716656
99, 2019-03-17 16:59:35, 139.765312, 35.71636
23, 2019-03-17 16:59:39, 139.765376, 35.71636
99, 2019-03-17 16:59:43, 139.765392, 35.71636
23, 2019-03-17 16:59:47, 139.765392, 35.716308
99, 2019-03-17 16:59:51, 139.76544, 35.716376
23, 2019-03-17 16:59:55, 139.765456, 35.7163
99, 2019-03-17 16:59:59, 139.765488, 35.716332
23, 2019-03-17 17:00:03, 139.765488, 35.716396
99, 2019-03-17 17:00:07, 139.765488, 35.716308
23, 2019-03-17 17:00:11, 139.765488, 35.716512
99, 2019-03-17 17:00:15, 139.765488, 35.716284
23, 2019-03-17 17:00:19, 139.765488, 35.716612
99, 2019-03-17 17:00:23, 139.76552, 35.716276
23, 2019-03-17 17:00:27, 139.765472, 35.71664
99, 2019-03-17 17:00:31, 139.765552, 35.716256
23, 2019-03-17 17:00:35, 139.76544, 35.716692
99, 2019-03-17 17:00:39, 139.765584, 35.71624
23, 2019-03-17 17:00:43, 139.765392, 35.71672
99, 2019-03-17 17:00:47, 139.765568, 35.7162
23, 2019-03-17 17:00:51, 139.765408, 35.71682
99, 2019-03-17 17:00:55, 139.76552, 35.716224
23, 2019-03-17 17:00:59, 139.765568, 35.71656
99, 2019-03-17 17:01:03, 139.765488, 35.716216
23, 2019-03-17 17:01:07, 139.7656, 35.716488
99, 2019-03-17 17:01:11, 139.765504, 35.71624
23, 2019-03-17 17:01:15, 139.765648, 35.716464
99, 2019-03-17 17:01:19, 139.765536, 35.716228
23, 2019-03-17 17:01:23, 139.765648, 35.716476
99, 2019-03-17 17:01:27, 139.765552, 35.716228
23, 2019-03-17 17:01:31, 139.765632, 35.7165
99, 2019-03-17 17:01:35, 139.765616, 35.716256
23, 2019-03-17 17:01:39, 139.765584, 35.716596
99, 2019-03-17 17:01:43, 139.765648, 35.716272
23, 2019-03-17 17:01:47, 139.765552, 35.716672
99, 2019-03-17 17:01:51, 139.765648, 35.716276
23, 2019-03-17 17:01:55, 139.765552, 35.716704
99, 2019-03-17 17:01:59, 139.765648, 35.716288
23, 2019-03-17 17:02:03, 139.765648, 35.716592
99, 2019-03-17 17:02:07, 139.765584, 35.716308
23, 2019-03-17 17:02:11, 139.765648, 35.716572
99, 2019-03-17 17:02:15, 139.765584, 35.716312
23, 2019-03-17 17:02:19, 139.765664, 35.716568
99, 2019-03-17 17:02:23, 139.765616, 35.716336
23, 2019-03-17 17:02:27, 139.765696, 35.71658
99, 2019-03-17 17:02:31, 139.765632, 35.716348
23, 2019-03-17 17:02:35, 139.765696, 35.716552
99, 2019-03-17 17:02:39, 139.765664, 35.716352
23, 2019-03-17 17:02:43, 139.765696, 35.716524
99, 2019-03-17 17:02:47, 139.76568, 35.71636
23, 2019-03-17 17:02:51, 139.765696, 35.7165
99, 2019-03-17 17:02:55, 139.765664, 35.716352
23, 2019-03-17 17:02:59, 139.76568, 35.716504
99, 2019-03-17 17:03:03, 139.765648, 35.716332
23, 2019-03-17 17:03:07, 139.765696, 35.716492
99, 2019-03-17 17:03:11, 139.765616, 35.716312
23, 2019-03-17 17:03:15, 139.765712, 35.716484
99, 2019-03-17 17:03:19, 139.765616, 35.716316
23, 2019-03-17 17:03:23, 139.765712, 35.716464
99, 2019-03-17 17:03:27, 139.765664, 35.71638
23, 2019-03-17 17:03:31, 139.765728, 35.71646
99, 2019-03-17 17:03:35, 139.765632, 35.71638
23, 2019-03-17 17:03:39, 139.765728, 35.71646
99, 2019-03-17 17:03:43, 139.765616, 35.716388
23, 2019-03-17 17:03:47, 139.765712, 35.716456
99, 2019-03-17 17:03:51, 139.765568, 35.716352
23, 2019-03-17 17:03:55, 139.765712, 35.716452
99, 2019-03-17 17:03:59, 139.765552, 35.716312
23, 2019-03-17 17:04:03, 139.765712, 35.71646
99, 2019-03-17 17:04:07, 139.76624, 35.716712
23, 2019-03-17 17:04:11, 139.765728, 35.717352
99, 2019-03-17 17:04:15, 139.76688, 35.715844
23, 2019-03-17 17:04:19, 139.766592, 35.716384
99, 2019-03-17 17:04:23, 139.766896, 35.715796
23, 2019-03-17 17:04:27, 139.766944, 35.715852
99, 2019-03-17 17:04:31, 139.766784, 35.715772
23, 2019-03-17 17:04:35, 139.766976, 35.71578
99, 2019-03-17 17:04:39, 139.766864, 35.715684
23, 2019-03-17 17:04:43, 139.767008, 35.715752
99, 2019-03-17 17:04:47, 139.767264, 35.715164
23, 2019-03-17 17:04:51, 139.767136, 35.715548
99, 2019-03-17 17:04:55, 139.767696, 35.714264
23, 2019-03-17 17:04:59, 139.767472, 35.714868
99, 2019-03-17 17:05:03, 139.768176, 35.71302
23, 2019-03-17 17:05:07, 139.767856, 35.713864
99, 2019-03-17 17:05:11, 139.7684, 35.712504
23, 2019-03-17 17:05:15, 139.768352, 35.71278
99, 2019-03-17 17:05:19, 139.768416, 35.712436
23, 2019-03-17 17:05:23, 139.768528, 35.712412
99, 2019-03-17 17:05:27, 139.768416, 35.711956
23, 2019-03-17 17:05:31, 139.76848, 35.712268
99, 2019-03-17 17:05:35, 139.768512, 35.711436
23, 2019-03-17 17:05:39, 139.768496, 35.711988
99, 2019-03-17 17:05:43, 139.768608, 35.711176
23, 2019-03-17 17:05:47, 139.768672, 35.711596
99, 2019-03-17 17:05:51, 139.768768, 35.710148
23, 2019-03-17 17:05:55, 139.768768, 35.711172
99, 2019-03-17 17:05:59, 139.76928, 35.709604
23, 2019-03-17 17:06:03, 139.768944, 35.709968
99, 2019-03-17 17:06:07, 139.769312, 35.709556
23, 2019-03-17 17:06:11, 139.769264, 35.7096
99, 2019-03-17 17:06:15, 139.769328, 35.709536
23, 2019-03-17 17:06:19, 139.769376, 35.709504
99, 2019-03-17 17:06:23, 139.769344, 35.709528
23, 2019-03-17 17:06:27, 139.76944, 35.709444
99, 2019-03-17 17:06:31, 139.769344, 35.709532
23, 2019-03-17 17:06:35, 139.769472, 35.70944
99, 2019-03-17 17:06:39, 139.769344, 35.709512
23, 2019-03-17 17:06:43, 139.769488, 35.709412
99, 2019-03-17 17:06:47, 139.769328, 35.709504
23, 2019-03-17 17:06:51, 139.769504, 35.70938
99, 2019-03-17 17:06:55, 139.769344, 35.709512
23, 2019-03-17 17:06:59, 139.76952, 35.709364
99, 2019-03-17 17:07:03, 139.769344, 35.709516
23, 2019-03-17 17:07:07, 139.769536, 35.70936
99, 2019-03-17 17:07:11, 139.769696, 35.709396
23, 2019-03-17 17:07:15, 139.769568, 35.70934
99, 2019-03-17 17:07:19, 139.770832, 35.709552
23, 2019-03-17 17:07:23, 139.76992, 35.709244
99, 2019-03-17 17:07:27, 139.77136, 35.709616
23, 2019-03-17 17:07:31, 139.771168, 35.709472
99, 2019-03-17 17:07:35, 139.771392, 35.70964
23, 2019-03-17 17:07:39, 139.771424, 35.7095
99, 2019-03-17 17:07:43, 139.775696, 35.712584
23, 2019-03-17 17:07:47, 139.77568, 35.712556
99, 2019-03-17 17:07:51, 139.775264, 35.711752
23, 2019-03-17 17:07:55, 139.775664, 35.712548
99, 2019-03-17 17:07:59, 139.775056, 35.70974
23, 2019-03-17 17:08:03, 139.775136, 35.711448
99, 2019-03-17 17:08:07, 139.775072, 35.708044
23, 2019-03-17 17:08:11, 139.775168, 35.709312
99, 2019-03-17 17:08:15, 139.774896, 35.707124
23, 2019-03-17 17:08:19, 139.775088, 35.707592
99, 2019-03-17 17:08:23, 139.774864, 35.706868
23, 2019-03-17 17:08:27, 139.774944, 35.70676
99, 2019-03-17 17:08:31, 139.774864, 35.706648
23, 2019-03-17 17:08:35, 139.774944, 35.7066
99, 2019-03-17 17:08:39, 139.7748, 35.706516
23, 2019-03-17 17:08:43, 139.774928, 35.706508
99, 2019-03-17 17:08:47, 139.77472, 35.706304
23, 2019-03-17 17:08:51, 139.77488, 35.70648
99, 2019-03-17 17:08:55, 139.774672, 35.705468
23, 2019-03-17 17:08:59, 139.774784, 35.706152
99, 2019-03-17 17:09:03, 139.774288, 35.703396
23, 2019-03-17 17:09:07, 139.774544, 35.704888
99, 2019-03-17 17:09:11, 139.773632, 35.701112
23, 2019-03-17 17:09:15, 139.774048, 35.70276
99, 2019-03-17 17:09:19, 139.773424, 35.699152
23, 2019-03-17 17:09:23, 139.773552, 35.700468
99, 2019-03-17 17:09:27, 139.77336, 35.698748
23, 2019-03-17 17:09:31, 139.773536, 35.698668
99, 2019-03-17 17:09:35, 139.773104, 35.697444
23, 2019-03-17 17:09:39, 139.773344, 35.697944
99, 2019-03-17 17:09:43, 139.773136, 35.697372
23, 2019-03-17 17:09:47, 139.773376, 35.69766
99, 2019-03-17 17:09:51, 139.7732, 35.697412
23, 2019-03-17 17:09:55, 139.77336, 35.697608
99, 2019-03-17 17:09:59, 139.7732, 35.697468
23, 2019-03-17 17:10:03, 139.77336, 35.697584
99, 2019-03-17 17:10:07, 139.773216, 35.697504
23, 2019-03-17 17:10:11, 139.773376, 35.697592
99, 2019-03-17 17:10:15, 139.773184, 35.697536
23, 2019-03-17 17:10:19, 139.773376, 35.697608
99, 2019-03-17 17:10:23, 139.772976, 35.697136
23, 2019-03-17 17:10:27, 139.773216, 35.69754
99, 2019-03-17 17:10:31, 139.772816, 35.695844
23, 2019-03-17 17:10:35, 139.773184, 35.697084
99, 2019-03-17 17:10:39, 139.771968, 35.693756
23, 2019-03-17 17:10:43, 139.77256, 35.695296
99, 2019-03-17 17:10:47, 139.771376, 35.692292
23, 2019-03-17 17:10:51, 139.771664, 35.693304
99, 2019-03-17 17:10:55, 139.771248, 35.691892
23, 2019-03-17 17:10:59, 139.77128, 35.692296
99, 2019-03-17 17:11:03, 139.77104, 35.691848
23, 2019-03-17 17:11:07, 139.771152, 35.692
99, 2019-03-17 17:11:11, 139.77096, 35.691844
23, 2019-03-17 17:11:15, 139.771072, 35.69184
99, 2019-03-17 17:11:19, 139.770912, 35.69172
23, 2019-03-17 17:11:23, 139.770976, 35.691776
99, 2019-03-17 17:11:27, 139.770448, 35.690876
23, 2019-03-17 17:11:31, 139.770864, 35.691536
99, 2019-03-17 17:11:35, 139.769952, 35.689708
23, 2019-03-17 17:11:39, 139.770208, 35.690236
99, 2019-03-17 17:11:43, 139.768784, 35.686364
23, 2019-03-17 17:11:47, 139.76944, 35.68814
99, 2019-03-17 17:11:51, 139.767856, 35.683928
23, 2019-03-17 17:11:55, 139.768544, 35.685604
99, 2019-03-17 17:11:59, 139.766992, 35.681732
23, 2019-03-17 17:12:03, 139.7676, 35.683112
99, 2019-03-17 17:12:07, 139.766704, 35.680992
23, 2019-03-17 17:12:11, 139.76696, 35.681476
99, 2019-03-17 17:12:15, 139.766624, 35.680796
23, 2019-03-17 17:12:19, 139.766848, 35.681004
99, 2019-03-17 17:12:23, 139.76656, 35.680716
23, 2019-03-17 17:12:27, 139.766704, 35.680804
99, 2019-03-17 17:12:31, 139.76648, 35.68064
23, 2019-03-17 17:12:35, 139.76664, 35.680732
99, 2019-03-17 17:12:39, 139.766448, 35.680612
23, 2019-03-17 17:12:43, 139.766576, 35.680688
99, 2019-03-17 17:12:47, 139.766144, 35.679712
23, 2019-03-17 17:12:51, 139.766528, 35.680536
99, 2019-03-17 17:12:55, 139.758224, 35.66558
23, 2019-03-17 17:12:59, 139.758288, 35.666036
99, 2019-03-17 17:13:03, 139.758272, 35.665604
23, 2019-03-17 17:13:07, 139.758224, 35.665944
99, 2019-03-17 17:13:11, 139.758304, 35.665392
23, 2019-03-17 17:13:15, 139.758256, 35.665912
99, 2019-03-17 17:13:19, 139.758368, 35.664468
23, 2019-03-17 17:13:23, 139.758336, 35.665592
99, 2019-03-17 17:13:27, 139.758672, 35.662504
23, 2019-03-17 17:13:31, 139.758416, 35.66414
99, 2019-03-17 17:13:35, 139.758576, 35.660028
23, 2019-03-17 17:13:39, 139.758672, 35.662044
99, 2019-03-17 17:13:43, 139.757744, 35.657024
23, 2019-03-17 17:13:47, 139.758336, 35.6592
99, 2019-03-17 17:13:51, 139.75728, 35.655264
23, 2019-03-17 17:13:55, 139.75768, 35.656416
99, 2019-03-17 17:13:59, 139.757088, 35.65464
23, 2019-03-17 17:14:03, 139.757344, 35.6549
99, 2019-03-17 17:14:07, 139.757152, 35.65452
23, 2019-03-17 17:14:11, 139.757424, 35.654544
99, 2019-03-17 17:14:15, 139.757152, 35.654464
23, 2019-03-17 17:14:19, 139.757392, 35.654488
99, 2019-03-17 17:14:23, 139.757168, 35.654476
23, 2019-03-17 17:14:27, 139.757376, 35.65444
99, 2019-03-17 17:14:31, 139.757088, 35.654308
23, 2019-03-17 17:14:35, 139.757392, 35.654372
99, 2019-03-17 17:14:39, 139.7568, 35.653372
23, 2019-03-17 17:14:43, 139.757344, 35.654152
99, 2019-03-17 17:14:47, 139.756096, 35.651396
23, 2019-03-17 17:14:51, 139.757072, 35.653064
99, 2019-03-17 17:14:55, 139.75464, 35.649312
23, 2019-03-17 17:14:59, 139.756096, 35.65116
99, 2019-03-17 17:15:03, 139.751648, 35.647504
23, 2019-03-17 17:15:07, 139.753984, 35.64888
99, 2019-03-17 17:15:11, 139.749216, 35.64632
23, 2019-03-17 17:15:15, 139.751104, 35.647244
99, 2019-03-17 17:15:19, 139.747776, 35.645504
23, 2019-03-17 17:15:23, 139.748688, 35.645956
99, 2019-03-17 17:15:27, 139.747392, 35.645312
23, 2019-03-17 17:15:31, 139.747664, 35.645108
99, 2019-03-17 17:15:35, 139.747456, 35.64518
23, 2019-03-17 17:15:39, 139.747328, 35.644964
99, 2019-03-17 17:15:43, 139.747392, 35.645112
23, 2019-03-17 17:15:47, 139.747216, 35.645028
99, 2019-03-17 17:15:51, 139.747408, 35.644976
23, 2019-03-17 17:15:55, 139.7472, 35.645
99, 2019-03-17 17:15:59, 139.747424, 35.64492
23, 2019-03-17 17:16:03, 139.747312, 35.644944
99, 2019-03-17 17:16:07, 139.746976, 35.64472
23, 2019-03-17 17:16:11, 139.747344, 35.64486
99, 2019-03-17 17:16:15, 139.745504, 35.643832
23, 2019-03-17 17:16:19, 139.746864, 35.644644
99, 2019-03-17 17:16:23, 139.743792, 35.641976
23, 2019-03-17 17:16:27, 139.745088, 35.643636
99, 2019-03-17 17:16:31, 139.743072, 35.639804
23, 2019-03-17 17:16:35, 139.743488, 35.641548
99, 2019-03-17 17:16:39, 139.74184, 35.637092
23, 2019-03-17 17:16:43, 139.74272, 35.638956
99, 2019-03-17 17:16:47, 139.740864, 35.634744
23, 2019-03-17 17:16:51, 139.7416, 35.636508
99, 2019-03-17 17:16:55, 139.739808, 35.632476
23, 2019-03-17 17:16:59, 139.740544, 35.634172
99, 2019-03-17 17:17:03, 139.73896, 35.63054
23, 2019-03-17 17:17:07, 139.739584, 35.632056
99, 2019-03-17 17:17:11, 139.7388, 35.629048
23, 2019-03-17 17:17:15, 139.738832, 35.62998
99, 2019-03-17 17:17:19, 139.7388, 35.629048
23, 2019-03-17 17:17:23, 139.738832, 35.62998
99, 2019-03-17 17:17:27, 139.738752, 35.627828
23, 2019-03-17 17:17:31, 139.73864, 35.62768
99, 2019-03-17 17:17:35, 139.739216, 35.627864
23, 2019-03-17 17:17:39, 139.73864, 35.62766
99, 2019-03-17 17:17:43, 139.739008, 35.6278
23, 2019-03-17 17:17:47, 139.73864, 35.627672
99, 2019-03-17 17:17:51, 139.738864, 35.627724
23, 2019-03-17 17:17:55, 139.73864, 35.627708
99, 2019-03-17 17:17:59, 139.738736, 35.627628
23, 2019-03-17 17:18:03, 139.738704, 35.627732
99, 2019-03-17 17:18:07, 139.738912, 35.626588
23, 2019-03-17 17:18:11, 139.738752, 35.627572
99, 2019-03-17 17:18:15, 139.738832, 35.624848
23, 2019-03-17 17:18:19, 139.738864, 35.626368
99, 2019-03-17 17:18:23, 139.738112, 35.622216
23, 2019-03-17 17:18:27, 139.73864, 35.624288
99, 2019-03-17 17:18:31, 139.737344, 35.619524
23, 2019-03-17 17:18:35, 139.737872, 35.621564
99, 2019-03-17 17:18:39, 139.73648, 35.61658
23, 2019-03-17 17:18:43, 139.73704, 35.618836
99, 2019-03-17 17:18:47, 139.735872, 35.61392
23, 2019-03-17 17:18:51, 139.736336, 35.615968
99, 2019-03-17 17:18:55, 139.735536, 35.610924
23, 2019-03-17 17:18:59, 139.735808, 35.61316
99, 2019-03-17 17:19:03, 139.735248, 35.60852
23, 2019-03-17 17:19:07, 139.735472, 35.610444
99, 2019-03-17 17:19:11, 139.735152, 35.606544
23, 2019-03-17 17:19:15, 139.735168, 35.607968
99, 2019-03-17 17:19:19, 139.735152, 35.606544
23, 2019-03-17 17:19:23, 139.73512, 35.606548
99, 2019-03-17 17:19:27, 139.734768, 35.60554
23, 2019-03-17 17:19:31, 139.734944, 35.605832
99, 2019-03-17 17:19:35, 139.73464, 35.605532
23, 2019-03-17 17:19:39, 139.734912, 35.605628
99, 2019-03-17 17:19:43, 139.73448, 35.605528
23, 2019-03-17 17:19:47, 139.735008, 35.605524
99, 2019-03-17 17:19:51, 139.734464, 35.60548
23, 2019-03-17 17:19:55, 139.734976, 35.605508
99, 2019-03-17 17:19:59, 139.73456, 35.604908
23, 2019-03-17 17:20:03, 139.73496, 35.60546
99, 2019-03-17 17:20:07, 139.734336, 35.602912
23, 2019-03-17 17:20:11, 139.7348, 35.604636
99, 2019-03-17 17:20:15, 139.734016, 35.60006
23, 2019-03-17 17:20:19, 139.73456, 35.602308
99, 2019-03-17 17:20:23, 139.733408, 35.597384
23, 2019-03-17 17:20:27, 139.734208, 35.599464
99, 2019-03-17 17:20:31, 139.731712, 35.594616
23, 2019-03-17 17:20:35, 139.733136, 35.596648
99, 2019-03-17 17:20:39, 139.730256, 35.592324
23, 2019-03-17 17:20:43, 139.731472, 35.59406
99, 2019-03-17 17:20:47, 139.728672, 35.5899
23, 2019-03-17 17:20:51, 139.729824, 35.591496
99, 2019-03-17 17:20:55, 139.727936, 35.588564
23, 2019-03-17 17:20:59, 139.728576, 35.589312
99, 2019-03-17 17:21:03, 139.72768, 35.588156
23, 2019-03-17 17:21:07, 139.727856, 35.587988
99, 2019-03-17 17:21:11, 139.7276, 35.587964
23, 2019-03-17 17:21:15, 139.72776, 35.587924
99, 2019-03-17 17:21:19, 139.727488, 35.587856
23, 2019-03-17 17:21:23, 139.727696, 35.587892
99, 2019-03-17 17:21:27, 139.727488, 35.58782
23, 2019-03-17 17:21:31, 139.727536, 35.58782
99, 2019-03-17 17:21:35, 139.726768, 35.586876
23, 2019-03-17 17:21:39, 139.727392, 35.587724
99, 2019-03-17 17:21:43, 139.7256, 35.5851
23, 2019-03-17 17:21:47, 139.726464, 35.586252
99, 2019-03-17 17:21:51, 139.7244, 35.582324
23, 2019-03-17 17:21:55, 139.725216, 35.584108
99, 2019-03-17 17:21:59, 139.72328, 35.579736
23, 2019-03-17 17:22:03, 139.724064, 35.581436
99, 2019-03-17 17:22:07, 139.722048, 35.576848
23, 2019-03-17 17:22:11, 139.722896, 35.57878
99, 2019-03-17 17:22:15, 139.72096, 35.574312
23, 2019-03-17 17:22:19, 139.721792, 35.576124
99, 2019-03-17 17:22:23, 139.71976, 35.571432
23, 2019-03-17 17:22:27, 139.720656, 35.57342
99, 2019-03-17 17:22:31, 139.718736, 35.569008
23, 2019-03-17 17:22:35, 139.719568, 35.570804
99, 2019-03-17 17:22:39, 139.7176, 35.566288
23, 2019-03-17 17:22:43, 139.718544, 35.568232
99, 2019-03-17 17:22:47, 139.716816, 35.564388
23, 2019-03-17 17:22:51, 139.717472, 35.565744
99, 2019-03-17 17:22:55, 139.71624, 35.562828
23, 2019-03-17 17:22:59, 139.716688, 35.563892
99, 2019-03-17 17:23:03, 139.715984, 35.562096
23, 2019-03-17 17:23:07, 139.71632, 35.562684
99, 2019-03-17 17:23:11, 139.715952, 35.561996
23, 2019-03-17 17:23:15, 139.716128, 35.561972
99, 2019-03-17 17:23:19, 139.716, 35.561948
23, 2019-03-17 17:23:23, 139.716128, 35.561912
99, 2019-03-17 17:23:27, 139.716, 35.561936
23, 2019-03-17 17:23:31, 139.716128, 35.561956
99, 2019-03-17 17:23:35, 139.715968, 35.561964
23, 2019-03-17 17:23:39, 139.71616, 35.561952
99, 2019-03-17 17:23:43, 139.715968, 35.561972
23, 2019-03-17 17:23:47, 139.716176, 35.561932
99, 2019-03-17 17:23:51, 139.715952, 35.562
23, 2019-03-17 17:23:55, 139.716112, 35.561996
99, 2019-03-17 17:23:59, 139.715968, 35.561996
23, 2019-03-17 17:24:03, 139.71608, 35.562024
99, 2019-03-17 17:24:07, 139.715984, 35.562008
23, 2019-03-17 17:24:11, 139.716032, 35.562044
99, 2019-03-17 17:24:15, 139.715936, 35.562052
23, 2019-03-17 17:24:19, 139.716016, 35.56208
99, 2019-03-17 17:24:23, 139.715936, 35.562036
23, 2019-03-17 17:24:27, 139.715984, 35.56208
99, 2019-03-17 17:24:31, 139.715808, 35.561788
23, 2019-03-17 17:24:35, 139.715968, 35.562072
99, 2019-03-17 17:24:39, 139.715344, 35.560704
23, 2019-03-17 17:24:43, 139.715776, 35.561692
99, 2019-03-17 17:24:47, 139.714384, 35.558624
23, 2019-03-17 17:24:51, 139.7152, 35.560296
99, 2019-03-17 17:24:55, 139.713472, 35.556332
23, 2019-03-17 17:24:59, 139.714272, 35.558088
99, 2019-03-17 17:25:03, 139.712304, 35.553444
23, 2019-03-17 17:25:07, 139.713152, 35.555432
99, 2019-03-17 17:25:11, 139.711264, 35.550904
23, 2019-03-17 17:25:15, 139.712, 35.552668
99, 2019-03-17 17:25:19, 139.710048, 35.548064
23, 2019-03-17 17:25:23, 139.710896, 35.549984
99, 2019-03-17 17:25:27, 139.70904, 35.545624
23, 2019-03-17 17:25:31, 139.709792, 35.547364
99, 2019-03-17 17:25:35, 139.707856, 35.542972
23, 2019-03-17 17:25:39, 139.70872, 35.544808
99, 2019-03-17 17:25:43, 139.706352, 35.540796
23, 2019-03-17 17:25:47, 139.707568, 35.542396
99, 2019-03-17 17:25:51, 139.704368, 35.538428
23, 2019-03-17 17:25:55, 139.705808, 35.540104
99, 2019-03-17 17:25:59, 139.702688, 35.536436
23, 2019-03-17 17:26:03, 139.703984, 35.537912
99, 2019-03-17 17:26:07, 139.70048, 35.534208
23, 2019-03-17 17:26:11, 139.702144, 35.535724
99, 2019-03-17 17:26:15, 139.698288, 35.532444
23, 2019-03-17 17:26:19, 139.699904, 35.533772
99, 2019-03-17 17:26:23, 139.697968, 35.532184
23, 2019-03-17 17:26:27, 139.697696, 35.531876
99, 2019-03-17 17:26:31, 139.69648, 35.530544
23, 2019-03-17 17:26:35, 139.696384, 35.530856
99, 2019-03-17 17:26:39, 139.696352, 35.530632
23, 2019-03-17 17:26:43, 139.696192, 35.530676
99, 2019-03-17 17:26:47, 139.696368, 35.530624
23, 2019-03-17 17:26:51, 139.69624, 35.530664
99, 2019-03-17 17:26:55, 139.6964, 35.530572
23, 2019-03-17 17:26:59, 139.6964, 35.530692
99, 2019-03-17 17:27:03, 139.696144, 35.530256
23, 2019-03-17 17:27:07, 139.6964, 35.5307
99, 2019-03-17 17:27:11, 139.69448, 35.5291
23, 2019-03-17 17:27:15, 139.695664, 35.530224
99, 2019-03-17 17:27:19, 139.692592, 35.52758
23, 2019-03-17 17:27:23, 139.693984, 35.528888
99, 2019-03-17 17:27:27, 139.69, 35.525408
23, 2019-03-17 17:27:31, 139.69184, 35.527008
99, 2019-03-17 17:27:35, 139.687776, 35.523564
23, 2019-03-17 17:27:39, 139.689424, 35.525004
99, 2019-03-17 17:27:43, 139.685312, 35.521504
23, 2019-03-17 17:27:47, 139.687024, 35.523064
99, 2019-03-17 17:27:51, 139.683248, 35.519772
23, 2019-03-17 17:27:55, 139.68472, 35.521124
99, 2019-03-17 17:27:59, 139.680848, 35.517824
23, 2019-03-17 17:28:03, 139.682464, 35.51922
99, 2019-03-17 17:28:07, 139.679024, 35.5161
23, 2019-03-17 17:28:11, 139.680288, 35.517356
99, 2019-03-17 17:28:15, 139.67784, 35.513752
23, 2019-03-17 17:28:19, 139.678496, 35.515372
99, 2019-03-17 17:28:23, 139.677072, 35.511704
23, 2019-03-17 17:28:27, 139.677648, 35.513152
99, 2019-03-17 17:28:31, 139.676432, 35.509372
23, 2019-03-17 17:28:35, 139.67688, 35.51098
99, 2019-03-17 17:28:39, 139.676224, 35.508256
23, 2019-03-17 17:28:43, 139.6764, 35.50904
99, 2019-03-17 17:28:47, 139.676224, 35.508068
23, 2019-03-17 17:28:51, 139.676272, 35.508444
99, 2019-03-17 17:28:55, 139.676256, 35.508064
23, 2019-03-17 17:28:59, 139.676336, 35.508216
99, 2019-03-17 17:29:03, 139.676208, 35.508116
23, 2019-03-17 17:29:07, 139.676304, 35.508112
99, 2019-03-17 17:29:11, 139.676208, 35.50816
23, 2019-03-17 17:29:15, 139.676256, 35.508092
99, 2019-03-17 17:29:19, 139.676176, 35.508084
23, 2019-03-17 17:29:23, 139.676208, 35.508068
99, 2019-03-17 17:29:27, 139.675984, 35.507136
23, 2019-03-17 17:29:31, 139.676112, 35.507776
99, 2019-03-17 17:29:35, 139.675456, 35.505004
23, 2019-03-17 17:29:39, 139.675744, 35.50644
99, 2019-03-17 17:29:43, 139.67448, 35.50276
23, 2019-03-17 17:29:47, 139.675216, 35.50432
99, 2019-03-17 17:29:51, 139.672096, 35.500288
23, 2019-03-17 17:29:55, 139.673872, 35.501876
99, 2019-03-17 17:29:59, 139.669824, 35.498332
23, 2019-03-17 17:30:03, 139.671488, 35.499704
99, 2019-03-17 17:30:07, 139.667216, 35.496164
23, 2019-03-17 17:30:11, 139.669056, 35.497648
99, 2019-03-17 17:30:15, 139.665168, 35.494696
23, 2019-03-17 17:30:19, 139.666688, 35.495744
99, 2019-03-17 17:30:23, 139.663616, 35.492796
23, 2019-03-17 17:30:27, 139.664624, 35.494228
99, 2019-03-17 17:30:31, 139.661888, 35.491288
23, 2019-03-17 17:30:35, 139.663232, 35.492368
99, 2019-03-17 17:30:39, 139.65936, 35.489584
23, 2019-03-17 17:30:43, 139.661328, 35.490884
99, 2019-03-17 17:30:47, 139.65704, 35.488388
23, 2019-03-17 17:30:51, 139.658848, 35.489368
99, 2019-03-17 17:30:55, 139.654528, 35.487056
23, 2019-03-17 17:30:59, 139.656368, 35.488068
99, 2019-03-17 17:31:03, 139.653424, 35.486528
23, 2019-03-17 17:31:07, 139.654208, 35.48688
99, 2019-03-17 17:31:11, 139.653232, 35.48638
23, 2019-03-17 17:31:15, 139.653312, 35.486432
99, 2019-03-17 17:31:19, 139.6532, 35.486304
23, 2019-03-17 17:31:23, 139.653216, 35.486404
99, 2019-03-17 17:31:27, 139.653168, 35.486344
23, 2019-03-17 17:31:31, 139.6532, 35.486416
99, 2019-03-17 17:31:35, 139.65288, 35.486208
23, 2019-03-17 17:31:39, 139.6532, 35.486412
99, 2019-03-17 17:31:43, 139.651232, 35.485672
23, 2019-03-17 17:31:47, 139.652592, 35.486112
99, 2019-03-17 17:31:51, 139.648912, 35.485356
23, 2019-03-17 17:31:55, 139.650752, 35.485608
99, 2019-03-17 17:31:59, 139.645568, 35.485012
23, 2019-03-17 17:32:03, 139.648048, 35.485372
99, 2019-03-17 17:32:07, 139.6428, 35.484252
23, 2019-03-17 17:32:11, 139.64488, 35.48492
99, 2019-03-17 17:32:15, 139.63968, 35.48318
23, 2019-03-17 17:32:19, 139.641984, 35.4839
99, 2019-03-17 17:32:23, 139.6372, 35.482072
23, 2019-03-17 17:32:27, 139.639072, 35.482944
99, 2019-03-17 17:32:31, 139.635168, 35.48004
23, 2019-03-17 17:32:35, 139.636593, 35.481476
99, 2019-03-17 17:32:39, 139.632912, 35.47734
23, 2019-03-17 17:32:43, 139.632928, 35.477356
99, 2019-03-17 17:32:47, 139.633024, 35.47876
23, 2019-03-17 17:32:51, 139.632912, 35.47864
99, 2019-03-17 17:32:55, 139.63312, 35.478856
23, 2019-03-17 17:32:59, 139.633008, 35.478732
99, 2019-03-17 17:33:03, 139.633152, 35.478956
23, 2019-03-17 17:33:07, 139.633104, 35.478836
99, 2019-03-17 17:33:11, 139.633184, 35.479008
23, 2019-03-17 17:33:15, 139.633184, 35.47894
99, 2019-03-17 17:33:19, 139.633312, 35.479088
23, 2019-03-17 17:33:23, 139.633232, 35.479016
99, 2019-03-17 17:33:27, 139.633328, 35.4791
23, 2019-03-17 17:33:31, 139.63328, 35.479052
99, 2019-03-17 17:33:35, 139.63336, 35.479096
23, 2019-03-17 17:33:39, 139.633312, 35.479072
99, 2019-03-17 17:33:43, 139.633408, 35.479172
23, 2019-03-17 17:33:47, 139.633328, 35.479076
99, 2019-03-17 17:33:51, 139.63336, 35.479196
23, 2019-03-17 17:33:55, 139.63336, 35.479156
99, 2019-03-17 17:33:59, 139.63328, 35.479196
23, 2019-03-17 17:34:03, 139.633264, 35.479212
99, 2019-03-17 17:34:07, 139.633104, 35.479248
23, 2019-03-17 17:34:11, 139.633152, 35.479292
99, 2019-03-17 17:34:15, 139.63304, 35.479404
23, 2019-03-17 17:34:19, 139.632976, 35.47936
99, 2019-03-17 17:34:23, 139.63288, 35.479524
23, 2019-03-17 17:34:27, 139.632848, 35.479472
99, 2019-03-17 17:34:31, 139.632704, 35.479596
23, 2019-03-17 17:34:35, 139.632656, 35.479564
99, 2019-03-17 17:34:39, 139.632528, 35.479724
23, 2019-03-17 17:34:43, 139.632496, 35.479684
99, 2019-03-17 17:34:47, 139.632272, 35.479768
23, 2019-03-17 17:34:51, 139.632352, 35.47984
99, 2019-03-17 17:34:55, 139.632064, 35.47998
23, 2019-03-17 17:34:59, 139.632192, 35.47996
99, 2019-03-17 17:35:03, 139.63208, 35.480124
23, 2019-03-17 17:35:07, 139.632096, 35.480076
99, 2019-03-17 17:35:11, 139.632128, 35.480144
23, 2019-03-17 17:35:15, 139.63216, 35.480124
99, 2019-03-17 17:35:19, 139.632144, 35.480164
23, 2019-03-17 17:35:23, 139.632144, 35.480144
99, 2019-03-17 17:35:27, 139.632144, 35.480172
23, 2019-03-17 17:35:31, 139.632144, 35.480168
99, 2019-03-17 17:35:35, 139.632128, 35.480184
23, 2019-03-17 17:35:39, 139.632128, 35.480192
99, 2019-03-17 17:35:43, 139.632144, 35.48024
23, 2019-03-17 17:35:47, 139.632112, 35.480216
99, 2019-03-17 17:35:51, 139.632016, 35.480324
23, 2019-03-17 17:35:55, 139.632016, 35.48032
99, 2019-03-17 17:35:59, 139.631856, 35.48042
23, 2019-03-17 17:36:03, 139.631904, 35.480416
99, 2019-03-17 17:36:07, 139.631728, 35.480528
23, 2019-03-17 17:36:11, 139.631744, 35.480504
99, 2019-03-17 17:36:15, 139.631616, 35.48064
23, 2019-03-17 17:36:19, 139.631632, 35.480608
99, 2019-03-17 17:36:23, 139.631424, 35.480748
23, 2019-03-17 17:36:27, 139.631456, 35.480684
99, 2019-03-17 17:36:31, 139.631296, 35.4809
23, 2019-03-17 17:36:35, 139.631344, 35.480748
99, 2019-03-17 17:36:39, 139.631264, 35.481036
23, 2019-03-17 17:36:43, 139.631232, 35.480868
99, 2019-03-17 17:36:47, 139.63128, 35.481156
23, 2019-03-17 17:36:51, 139.631248, 35.481036
99, 2019-03-17 17:36:55, 139.63144, 35.481172
23, 2019-03-17 17:36:59, 139.631376, 35.4811
99, 2019-03-17 17:37:03, 139.631472, 35.481208
23, 2019-03-17 17:37:07, 139.63152, 35.481124
99, 2019-03-17 17:37:11, 139.63152, 35.481256
23, 2019-03-17 17:37:15, 139.631536, 35.48114
99, 2019-03-17 17:37:19, 139.631296, 35.48144
23, 2019-03-17 17:37:23, 139.631504, 35.481208
99, 2019-03-17 17:37:27, 139.631216, 35.481648
23, 2019-03-17 17:37:31, 139.631552, 35.481348
99, 2019-03-17 17:37:35, 139.631216, 35.481648
23, 2019-03-17 17:37:39, 139.631408, 35.481312
99, 2019-03-17 17:37:43, 139.631216, 35.481648
23, 2019-03-17 17:37:47, 139.63144, 35.48134
99, 2019-03-17 17:37:51, 139.631216, 35.481648
23, 2019-03-17 17:37:55, 139.631616, 35.481268
99, 2019-03-17 17:37:59, 139.631216, 35.481648
23, 2019-03-17 17:38:03, 139.631632, 35.481164
99, 2019-03-17 17:38:07, 139.631216, 35.481648
23, 2019-03-17 17:38:11, 139.63176, 35.48106
99, 2019-03-17 17:38:15, 139.631216, 35.481648
23, 2019-03-17 17:38:19, 139.63184, 35.480856
99, 2019-03-17 17:38:23, 139.631216, 35.481648
23, 2019-03-17 17:38:27, 139.632128, 35.480524
99, 2019-03-17 17:38:31, 139.631216, 35.481648
23, 2019-03-17 17:38:35, 139.63248, 35.48024
99, 2019-03-17 17:38:39, 139.631216, 35.481648
23, 2019-03-17 17:38:43, 139.63272, 35.480292
99, 2019-03-17 17:38:47, 139.631216, 35.481648
23, 2019-03-17 17:38:51, 139.633008, 35.479844
99, 2019-03-17 17:38:55, 139.631216, 35.481648
23, 2019-03-17 17:38:59, 139.633024, 35.479692
99, 2019-03-17 17:39:03, 139.631216, 35.481648
23, 2019-03-17 17:39:07, 139.63312, 35.479492
99, 2019-03-17 17:39:11, 139.631216, 35.481648
23, 2019-03-17 17:39:15, 139.633232, 35.47956
99, 2019-03-17 17:39:19, 139.631216, 35.481648
23, 2019-03-17 17:39:23, 139.6332, 35.479496
99, 2019-03-17 17:39:27, 139.631216, 35.481648
23, 2019-03-17 17:39:31, 139.633104, 35.479604
99, 2019-03-17 17:39:35, 139.631216, 35.481648
23, 2019-03-17 17:39:39, 139.632944, 35.479856
99, 2019-03-17 17:39:43, 139.631216, 35.481648
23, 2019-03-17 17:39:47, 139.632848, 35.479808
99, 2019-03-17 17:39:51, 139.631216, 35.481648
23, 2019-03-17 17:39:55, 139.632912, 35.480048
99, 2019-03-17 17:39:59, 139.631216, 35.481648
23, 2019-03-17 17:40:03, 139.632672, 35.480436
99, 2019-03-17 17:40:07, 139.631216, 35.481648
23, 2019-03-17 17:40:11, 139.632704, 35.4806
99, 2019-03-17 17:40:15, 139.631216, 35.481648
23, 2019-03-17 17:40:19, 139.63272, 35.480608
99, 2019-03-17 17:40:23, 139.631216, 35.481648
23, 2019-03-17 17:40:27, 139.632832, 35.480808
99, 2019-03-17 17:40:31, 139.631216, 35.481648
23, 2019-03-17 17:40:35, 139.632896, 35.48086
99, 2019-03-17 17:40:39, 139.631216, 35.481648
23, 2019-03-17 17:40:43, 139.632928, 35.480964
99, 2019-03-17 17:40:47, 139.631216, 35.481648
23, 2019-03-17 17:40:51, 139.632928, 35.480964
99, 2019-03-17 17:40:55, 139.631216, 35.481648
23, 2019-03-17 17:40:59, 139.632928, 35.480964
99, 2019-03-17 17:41:03, 139.631216, 35.481648
23, 2019-03-17 17:41:07, 139.632928, 35.480964
99, 2019-03-17 17:41:11, 139.631216, 35.481648
23, 2019-03-17 17:41:15, 139.632928, 35.480964
99, 2019-03-17 17:41:19, 139.631216, 35.481648
23, 2019-03-17 17:41:23, 139.632928, 35.480964
99, 2019-03-17 17:41:27, 139.631216, 35.481648
23, 2019-03-17 17:41:31, 139.632928, 35.480964
99, 2019-03-17 17:41:35, 139.631216, 35.481648
23, 2019-03-17 17:41:39, 139.632928, 35.480964
99, 2019-03-17 17:41:43, 139.631216, 35.481648
23, 2019-03-17 17:41:47, 139.632928, 35.480964
99, 2019-03-17 17:41:51, 139.631216, 35.481648
23, 2019-03-17 17:41:55, 139.632928, 35.480964
99, 2019-03-17 17:41:59, 139.631216, 35.481648
23, 2019-03-17 17:42:03, 139.632928, 35.480964
99, 2019-03-17 17:42:07, 139.631216, 35.481648
23, 2019-03-17 17:42:11, 139.632928, 35.480964
99, 2019-03-17 17:42:15, 139.631216, 35.481648
23, 2019-03-17 17:42:19, 139.632928, 35.480964
99, 2019-03-17 17:42:23, 139.631216, 35.481648
23, 2019-03-17 17:42:27, 139.632928, 35.480964
99, 2019-03-17 17:42:31, 139.631216, 35.481648
23, 2019-03-17 17:42:35, 139.632928, 35.480964
99, 2019-03-17 17:42:39, 139.631216, 35.481648
23, 2019-03-17 17:42:43, 139.632928, 35.480964
99, 2019-03-17 17:42:47, 139.631216, 35.481648
23, 2019-03-17 17:42:51, 139.632928, 35.480964
99, 2019-03-17 17:42:55, 139.631216, 35.481648
23, 2019-03-17 17:42:59, 139.632928, 35.480964
99, 2019-03-17 17:43:03, 139.631216, 35.481648
23, 2019-03-17 17:43:07, 139.632928, 35.480964
99, 2019-03-17 17:43:11, 139.631216, 35.481648
23, 2019-03-17 17:43:15, 139.632928, 35.480964
99, 2019-03-17 17:43:19, 139.631216, 35.481648
23, 2019-03-17 17:43:23, 139.632928, 35.480964
99, 2019-03-17 17:43:27, 139.631216, 35.481648
23, 2019-03-17 17:43:31, 139.632928, 35.480964
99, 2019-03-17 17:43:35, 139.631216, 35.481648
23, 2019-03-17 17:43:39, 139.632928, 35.480964
99, 2019-03-17 17:43:43, 139.631216, 35.481648
23, 2019-03-17 17:43:47, 139.632928, 35.480964
99, 2019-03-17 17:43:51, 139.631216, 35.481648
23, 2019-03-17 17:43:55, 139.632928, 35.480964
99, 2019-03-17 17:43:59, 139.631216, 35.481648
23, 2019-03-17 17:44:03, 139.632928, 35.480964
99, 2019-03-17 17:44:07, 139.631216, 35.481648
23, 2019-03-17 17:44:11, 139.632928, 35.480964
99, 2019-03-17 17:44:15, 139.631216, 35.481648
23, 2019-03-17 17:44:19, 139.632928, 35.480964
99, 2019-03-17 17:44:23, 139.631216, 35.481648
23, 2019-03-17 17:44:27, 139.632928, 35.480964
99, 2019-03-17 17:44:31, 139.631216, 35.481648
23, 2019-03-17 17:44:35, 139.632928, 35.480964
99, 2019-03-17 17:44:39, 139.631216, 35.481648
23, 2019-03-17 17:44:43, 139.632928, 35.480964
99, 2019-03-17 17:44:47, 139.631216, 35.481648
23, 2019-03-17 17:44:51, 139.632928, 35.480964
99, 2019-03-17 17:44:55, 139.631216, 35.481648
23, 2019-03-17 17:44:59, 139.632928, 35.480964
99, 2019-03-17 17:45:03, 139.631216, 35.481648
23, 2019-03-17 17:45:07, 139.632928, 35.480964
99, 2019-03-17 17:45:11, 139.631216, 35.481648
23, 2019-03-17 17:45:15, 139.632928, 35.480964
99, 2019-03-17 17:45:19, 139.631216, 35.481648
23, 2019-03-17 17:45:23, 139.632928, 35.480964
99, 2019-03-17 17:45:27, 139.631216, 35.481648
23, 2019-03-17 17:45:31, 139.632928, 35.480964
99, 2019-03-17 17:45:35, 139.631216, 35.481648
23, 2019-03-17 17:45:39, 139.632928, 35.480964
99, 2019-03-17 17:45:43, 139.631216, 35.481648
23, 2019-03-17 17:45:47, 139.632928, 35.480964
99, 2019-03-17 17:45:51, 139.631216, 35.481648
23, 2019-03-17 17:45:55, 139.632928, 35.480964
99, 2019-03-17 17:45:59, 139.631216, 35.481648
23, 2019-03-17 17:46:03, 139.632928, 35.480964
99, 2019-03-17 17:46:07, 139.631216, 35.481648
23, 2019-03-17 17:46:11, 139.632928, 35.480964
99, 2019-03-17 17:46:15, 139.631216, 35.481648
23, 2019-03-17 17:46:19, 139.632928, 35.480964
99, 2019-03-17 17:46:23, 139.631216, 35.481648
23, 2019-03-17 17:46:27, 139.632928, 35.480964
99, 2019-03-17 17:46:31, 139.631216, 35.481648
23, 2019-03-17 17:46:35, 139.632928, 35.480964
99, 2019-03-17 17:46:39, 139.631216, 35.481648
23, 2019-03-17 17:46:43, 139.632928, 35.480964
99, 2019-03-17 17:46:47, 139.631216, 35.481648
23, 2019-03-17 17:46:51, 139.632928, 35.480964
99, 2019-03-17 17:46:55, 139.631216, 35.481648
23, 2019-03-17 17:46:59, 139.632928, 35.480964
99, 2019-03-17 17:47:03, 139.631216, 35.481648
23, 2019-03-17 17:47:07, 139.632928, 35.480964
99, 2019-03-17 17:47:11, 139.631216, 35.481648
23, 2019-03-17 17:47:15, 139.632928, 35.480964
99, 2019-03-17 17:47:19, 139.631216, 35.481648
23, 2019-03-17 17:47:23, 139.632928, 35.480964
99, 2019-03-17 17:47:27, 139.631216, 35.481648
23, 2019-03-17 17:47:31, 139.632928, 35.480964
99, 2019-03-17 17:47:35, 139.631216, 35.481648
23, 2019-03-17 17:47:39, 139.632928, 35.480964
99, 2019-03-17 17:47:43, 139.631216, 35.481648
23, 2019-03-17 17:47:47, 139.632928, 35.480964
99, 2019-03-17 17:47:51, 139.631216, 35.481648
23, 2019-03-17 17:47:55, 139.632928, 35.480964
99, 2019-03-17 17:47:59, 139.631216, 35.481648
23, 2019-03-17 17:48:03, 139.632928, 35.480964
99, 2019-03-17 17:48:07, 139.631216, 35.481648
23, 2019-03-17 17:48:11, 139.632928, 35.480964
99, 2019-03-17 17:48:15, 139.631216, 35.481648
23, 2019-03-17 17:48:19, 139.632928, 35.480964
99, 2019-03-17 17:48:23, 139.631216, 35.481648
23, 2019-03-17 17:48:27, 139.632928, 35.480964
99, 2019-03-17 17:48:31, 139.631216, 35.481648
23, 2019-03-17 17:48:35, 139.632928, 35.480964
99, 2019-03-17 17:48:39, 139.631216, 35.481648
23, 2019-03-17 17:48:43, 139.632928, 35.480964
99, 2019-03-17 17:48:47, 139.631216, 35.481648
23, 2019-03-17 17:48:51, 139.632928, 35.480964
99, 2019-03-17 17:48:55, 139.631216, 35.481648
23, 2019-03-17 17:48:59, 139.632928, 35.480964
99, 2019-03-17 17:49:03, 139.631216, 35.481648
23, 2019-03-17 17:49:07, 139.632928, 35.480964
99, 2019-03-17 17:49:11, 139.631216, 35.481648
23, 2019-03-17 17:49:15, 139.632928, 35.480964
99, 2019-03-17 17:49:19, 139.631216, 35.481648
23, 2019-03-17 17:49:23, 139.632928, 35.480964
99, 2019-03-17 17:49:27, 139.631216, 35.481648
23, 2019-03-17 17:49:31, 139.632928, 35.480964
99, 2019-03-17 17:49:35, 139.631216, 35.481648
23, 2019-03-17 17:49:39, 139.632928, 35.480964
99, 2019-03-17 17:49:43, 139.631216, 35.481648
23, 2019-03-17 17:49:47, 139.632928, 35.480964
99, 2019-03-17 17:49:51, 139.631216, 35.481648
23, 2019-03-17 17:49:55, 139.632928, 35.480964
99, 2019-03-17 17:49:59, 139.631216, 35.481648
23, 2019-03-17 17:50:03, 139.632928, 35.480964
99, 2019-03-17 17:50:07, 139.631216, 35.481648
23, 2019-03-17 17:50:11, 139.632928, 35.480964
99, 2019-03-17 17:50:15, 139.631216, 35.481648
23, 2019-03-17 17:50:19, 139.632928, 35.480964
99, 2019-03-17 17:50:23, 139.631216, 35.481648
23, 2019-03-17 17:50:27, 139.632928, 35.480964
99, 2019-03-17 17:50:31, 139.631216, 35.481648
23, 2019-03-17 17:50:35, 139.632928, 35.480964
99, 2019-03-17 17:50:39, 139.631216, 35.481648
23, 2019-03-17 17:50:43, 139.632928, 35.480964
99, 2019-03-17 17:50:47, 139.631216, 35.481648
23, 2019-03-17 17:50:51, 139.632928, 35.480964
99, 2019-03-17 17:50:55, 139.631216, 35.481648
23, 2019-03-17 17:50:59, 139.632928, 35.480964
99, 2019-03-17 17:51:03, 139.631216, 35.481648
23, 2019-03-17 17:51:07, 139.632928, 35.480964
99, 2019-03-17 17:51:11, 139.631216, 35.481648
23, 2019-03-17 17:51:15, 139.632928, 35.480964
99, 2019-03-17 17:51:19, 139.631216, 35.481648
23, 2019-03-17 17:51:23, 139.632928, 35.480964
99, 2019-03-17 17:51:27, 139.631216, 35.481648
23, 2019-03-17 17:51:31, 139.632928, 35.480964
99, 2019-03-17 17:51:35, 139.631216, 35.481648
23, 2019-03-17 17:51:39, 139.632928, 35.480964
99, 2019-03-17 17:51:43, 139.631216, 35.481648
23, 2019-03-17 17:51:47, 139.632928, 35.480964
99, 2019-03-17 17:51:51, 139.631216, 35.481648
23, 2019-03-17 17:51:55, 139.632928, 35.480964
99, 2019-03-17 17:51:59, 139.631216, 35.481648
23, 2019-03-17 17:52:03, 139.632928, 35.480964
99, 2019-03-17 17:52:07, 139.631216, 35.481648
23, 2019-03-17 17:52:11, 139.632928, 35.480964
99, 2019-03-17 17:52:15, 139.631216, 35.481648
23, 2019-03-17 17:52:19, 139.632928, 35.480964
99, 2019-03-17 17:52:23, 139.631216, 35.481648
23, 2019-03-17 17:52:27, 139.632928, 35.480964
99, 2019-03-17 17:52:31, 139.631216, 35.481648
23, 2019-03-17 17:52:35, 139.632928, 35.480964
99, 2019-03-17 17:52:39, 139.631216, 35.481648
23, 2019-03-17 17:52:43, 139.632928, 35.480964
99, 2019-03-17 17:52:47, 139.631216, 35.481648
23, 2019-03-17 17:52:51, 139.632928, 35.480964
99, 2019-03-17 17:52:55, 139.631216, 35.481648
23, 2019-03-17 17:52:59, 139.632928, 35.480964
99, 2019-03-17 17:53:03, 139.631216, 35.481648
23, 2019-03-17 17:53:07, 139.632928, 35.480964
99, 2019-03-17 17:53:11, 139.631216, 35.481648
23, 2019-03-17 17:53:15, 139.632928, 35.480964
99, 2019-03-17 17:53:19, 139.631216, 35.481648
23, 2019-03-17 17:53:23, 139.632928, 35.480964
99, 2019-03-17 17:53:27, 139.631216, 35.481648
23, 2019-03-17 17:53:31, 139.632928, 35.480964
99, 2019-03-17 17:53:35, 139.631216, 35.481648
23, 2019-03-17 17:53:39, 139.632928, 35.480964
99, 2019-03-17 17:53:43, 139.631216, 35.481648
23, 2019-03-17 17:53:47, 139.632928, 35.480964
99, 2019-03-17 17:53:51, 139.631216, 35.481648
23, 2019-03-17 17:53:55, 139.632928, 35.480964
99, 2019-03-17 17:53:59, 139.631216, 35.481648
23, 2019-03-17 17:54:03, 139.632928, 35.480964
99, 2019-03-17 17:54:07, 139.631216, 35.481648
23, 2019-03-17 17:54:11, 139.632928, 35.480964
99, 2019-03-17 17:54:15, 139.631216, 35.481648
23, 2019-03-17 17:54:19, 139.632928, 35.480964
99, 2019-03-17 17:54:23, 139.631216, 35.481648
23, 2019-03-17 17:54:27, 139.632928, 35.480964
99, 2019-03-17 17:54:31, 139.631216, 35.481648
23, 2019-03-17 17:54:35, 139.632928, 35.480964
99, 2019-03-17 17:54:39, 139.631216, 35.481648
23, 2019-03-17 17:54:43, 139.632928, 35.480964
99, 2019-03-17 17:54:47, 139.631216, 35.481648
23, 2019-03-17 17:54:51, 139.632928, 35.480964
99, 2019-03-17 17:54:55, 139.631216, 35.481648
23, 2019-03-17 17:54:59, 139.632928, 35.480964
99, 2019-03-17 17:55:03, 139.631216, 35.481648
23, 2019-03-17 17:55:07, 139.632928, 35.480964
99, 2019-03-17 17:55:11, 139.631216, 35.481648
23, 2019-03-17 17:55:15, 139.632928, 35.480964
99, 2019-03-17 17:55:19, 139.631216, 35.481648
23, 2019-03-17 17:55:23, 139.632928, 35.480964
99, 2019-03-17 17:55:27, 139.631216, 35.481648
23, 2019-03-17 17:55:31, 139.632928, 35.480964
99, 2019-03-17 17:55:35, 139.631216, 35.481648
23, 2019-03-17 17:55:39, 139.632928, 35.480964
99, 2019-03-17 17:55:43, 139.631216, 35.481648
23, 2019-03-17 17:55:47, 139.632928, 35.480964
99, 2019-03-17 17:55:51, 139.631216, 35.481648
23, 2019-03-17 17:55:55, 139.632928, 35.480964
99, 2019-03-17 17:55:59, 139.631216, 35.481648
23, 2019-03-17 17:56:03, 139.632928, 35.480964
99, 2019-03-17 17:56:07, 139.631216, 35.481648
23, 2019-03-17 17:56:11, 139.632928, 35.480964
99, 2019-03-17 17:56:15, 139.631216, 35.481648
23, 2019-03-17 17:56:19, 139.632928, 35.480964
99, 2019-03-17 17:56:23, 139.631216, 35.481648
23, 2019-03-17 17:56:27, 139.632928, 35.480964
99, 2019-03-17 17:56:31, 139.631216, 35.481648
23, 2019-03-17 17:56:35, 139.632928, 35.480964
99, 2019-03-17 17:56:39, 139.631216, 35.481648
23, 2019-03-17 17:56:43, 139.632928, 35.480964
99, 2019-03-17 17:56:47, 139.631216, 35.481648
23, 2019-03-17 17:56:51, 139.632928, 35.480964
99, 2019-03-17 17:56:55, 139.631216, 35.481648
23, 2019-03-17 17:56:59, 139.632928, 35.480964
99, 2019-03-17 17:57:03, 139.631216, 35.481648
23, 2019-03-17 17:57:07, 139.632928, 35.480964
99, 2019-03-17 17:57:11, 139.631216, 35.481648
23, 2019-03-17 17:57:15, 139.632928, 35.480964
99, 2019-03-17 17:57:19, 139.631216, 35.481648
23, 2019-03-17 17:57:23, 139.632928, 35.480964
99, 2019-03-17 17:57:27, 139.631216, 35.481648
23, 2019-03-17 17:57:31, 139.632928, 35.480964
99, 2019-03-17 17:57:35, 139.631216, 35.481648
23, 2019-03-17 17:57:39, 139.632928, 35.480964
99, 2019-03-17 17:57:43, 139.631216, 35.481648
23, 2019-03-17 17:57:47, 139.632928, 35.480964
99, 2019-03-17 17:57:51, 139.631216, 35.481648
23, 2019-03-17 17:57:55, 139.632928, 35.480964
99, 2019-03-17 17:57:59, 139.631216, 35.481648
23, 2019-03-17 17:58:03, 139.632928, 35.480964
99, 2019-03-17 17:58:07, 139.631216, 35.481648
23, 2019-03-17 17:58:11, 139.632928, 35.480964
99, 2019-03-17 17:58:15, 139.631216, 35.481648
23, 2019-03-17 17:58:19, 139.632928, 35.480964
99, 2019-03-17 17:58:23, 139.631216, 35.481648
23, 2019-03-17 17:58:27, 139.632928, 35.480964
99, 2019-03-17 17:58:31, 139.631216, 35.481648
23, 2019-03-17 17:58:35, 139.632928, 35.480964
99, 2019-03-17 17:58:39, 139.631216, 35.481648
23, 2019-03-17 17:58:43, 139.632928, 35.480964
99, 2019-03-17 17:58:47, 139.631216, 35.481648
23, 2019-03-17 17:58:51, 139.632928, 35.480964
99, 2019-03-17 17:58:55, 139.631216, 35.481648
23, 2019-03-17 17:58:59, 139.632928, 35.480964
99, 2019-03-17 17:59:03, 139.631216, 35.481648
23, 2019-03-17 17:59:07, 139.632928, 35.480964
99, 2019-03-17 17:59:11, 139.631216, 35.481648
23, 2019-03-17 17:59:15, 139.632928, 35.480964
99, 2019-03-17 17:59:19, 139.631216, 35.481648
23, 2019-03-17 17:59:23, 139.632928, 35.480964
99, 2019-03-17 17:59:27, 139.631216, 35.481648
23, 2019-03-17 17:59:31, 139.632928, 35.480964
99, 2019-03-17 17:59:35, 139.631216, 35.481648
23, 2019-03-17 17:59:39, 139.632928, 35.480964
99, 2019-03-17 17:59:43, 139.631216, 35.481648
23, 2019-03-17 17:59:47, 139.632928, 35.480964
99, 2019-03-17 17:59:51, 139.631216, 35.481648
23, 2019-03-17 17:59:55, 139.632928, 35.480964
99, 2019-03-17 17:59:59, 139.631216, 35.481648
23, 2019-03-17 18:00:03, 139.632928, 35.480964
99, 2019-03-17 18:00:07, 139.631216, 35.481648
23, 2019-03-17 18:00:11, 139.632928, 35.480964
99, 2019-03-17 18:00:15, 139.631216, 35.481648
23, 2019-03-17 18:00:19, 139.632928, 35.480964
99, 2019-03-17 18:00:23, 139.631216, 35.481648
23, 2019-03-17 18:00:27, 139.632928, 35.480964
99, 2019-03-17 18:00:31, 139.631216, 35.481648
23, 2019-03-17 18:00:35, 139.632928, 35.480964
99, 2019-03-17 18:00:39, 139.631216, 35.481648
23, 2019-03-17 18:00:43, 139.632928, 35.480964
99, 2019-03-17 18:00:47, 139.631216, 35.481648
23, 2019-03-17 18:00:51, 139.632928, 35.480964
99, 2019-03-17 18:00:55, 139.631216, 35.481648
23, 2019-03-17 18:00:59, 139.632928, 35.480964
99, 2019-03-17 18:01:03, 139.631216, 35.481648
23, 2019-03-17 18:01:07, 139.632928, 35.480964
99, 2019-03-17 18:01:11, 139.631216, 35.481648
23, 2019-03-17 18:01:15, 139.632928, 35.480964
99, 2019-03-17 18:01:19, 139.631216, 35.481648
23, 2019-03-17 18:01:23, 139.632928, 35.480964
99, 2019-03-17 18:01:27, 139.631216, 35.481648
23, 2019-03-17 18:01:31, 139.63248, 35.479768
99, 2019-03-17 18:01:35, 139.631216, 35.481648
23, 2019-03-17 18:01:39, 139.631792, 35.481008
99, 2019-03-17 18:01:43, 139.631216, 35.481648
23, 2019-03-17 18:01:47, 139.631712, 35.48114
99, 2019-03-17 18:01:51, 139.631216, 35.481648
23, 2019-03-17 18:01:55, 139.631712, 35.481144
99, 2019-03-17 18:01:59, 139.631216, 35.481648
23, 2019-03-17 18:02:03, 139.631696, 35.481208
99, 2019-03-17 18:02:07, 139.631216, 35.481648
23, 2019-03-17 18:02:11, 139.631696, 35.48126
99, 2019-03-17 18:02:15, 139.631216, 35.481648
23, 2019-03-17 18:02:19, 139.631664, 35.481292
99, 2019-03-17 18:02:23, 139.631216, 35.481648
23, 2019-03-17 18:02:27, 139.631664, 35.481308
99, 2019-03-17 18:02:31, 139.631216, 35.481648
23, 2019-03-17 18:02:35, 139.631648, 35.481308
99, 2019-03-17 18:02:39, 139.631216, 35.481648
23, 2019-03-17 18:02:43, 139.631648, 35.481316
99, 2019-03-17 18:02:47, 139.631216, 35.481648
23, 2019-03-17 18:02:51, 139.631616, 35.481308
99, 2019-03-17 18:02:55, 139.631216, 35.481648
23, 2019-03-17 18:02:59, 139.631616, 35.481312
99, 2019-03-17 18:03:03, 139.631216, 35.481648
23, 2019-03-17 18:03:07, 139.631616, 35.481324
99, 2019-03-17 18:03:11, 139.631216, 35.481648
23, 2019-03-17 18:03:15, 139.631616, 35.481332
99, 2019-03-17 18:03:19, 139.631216, 35.481648
23, 2019-03-17 18:03:23, 139.6316, 35.48134
99, 2019-03-17 18:03:27, 139.631216, 35.481648
23, 2019-03-17 18:03:31, 139.6316, 35.481344
99, 2019-03-17 18:03:35, 139.631216, 35.481648
23, 2019-03-17 18:03:39, 139.631584, 35.481344
99, 2019-03-17 18:03:43, 139.631216, 35.481648
23, 2019-03-17 18:03:47, 139.631584, 35.481348
99, 2019-03-17 18:03:51, 139.631216, 35.481648
23, 2019-03-17 18:03:55, 139.631584, 35.481356
99, 2019-03-17 18:03:59, 139.631216, 35.481648
23, 2019-03-17 18:04:03, 139.631584, 35.481356
99, 2019-03-17 18:04:07, 139.631216, 35.481648
23, 2019-03-17 18:04:11, 139.631584, 35.481372
99, 2019-03-17 18:04:15, 139.631216, 35.481648
23, 2019-03-17 18:04:19, 139.631584, 35.481388
99, 2019-03-17 18:04:23, 139.631216, 35.481648
23, 2019-03-17 18:04:27, 139.631584, 35.481388
99, 2019-03-17 18:04:31, 139.631216, 35.481648
23, 2019-03-17 18:04:35, 139.631584, 35.481384
99, 2019-03-17 18:04:39, 139.631216, 35.481648
23, 2019-03-17 18:04:43, 139.631584, 35.481364
99, 2019-03-17 18:04:47, 139.631216, 35.481648
23, 2019-03-17 18:04:51, 139.631584, 35.481352
99, 2019-03-17 18:04:55, 139.631216, 35.481648
23, 2019-03-17 18:04:59, 139.631584, 35.481352
99, 2019-03-17 18:05:03, 139.631216, 35.481648
23, 2019-03-17 18:05:07, 139.631616, 35.481348
99, 2019-03-17 18:05:11, 139.631216, 35.481648
23, 2019-03-17 18:05:15, 139.631616, 35.481344
99, 2019-03-17 18:05:19, 139.631216, 35.481648
23, 2019-03-17 18:05:23, 139.631616, 35.481344
99, 2019-03-17 18:05:27, 139.631216, 35.481648
23, 2019-03-17 18:05:31, 139.631616, 35.481344
99, 2019-03-17 18:05:35, 139.631216, 35.481648
23, 2019-03-17 18:05:39, 139.631616, 35.481344
99, 2019-03-17 18:05:43, 139.631216, 35.481648
23, 2019-03-17 18:05:47, 139.631616, 35.481348
99, 2019-03-17 18:05:51, 139.631216, 35.481648
23, 2019-03-17 18:05:55, 139.631616, 35.481344
99, 2019-03-17 18:05:59, 139.631216, 35.481648
23, 2019-03-17 18:06:03, 139.631616, 35.481352
99, 2019-03-17 18:06:07, 139.631216, 35.481648
23, 2019-03-17 18:06:11, 139.6316, 35.48136
99, 2019-03-17 18:06:15, 139.631216, 35.481648
23, 2019-03-17 18:06:19, 139.6316, 35.481348
99, 2019-03-17 18:06:23, 139.631216, 35.481648
23, 2019-03-17 18:06:27, 139.631616, 35.48134
99, 2019-03-17 18:06:31, 139.631216, 35.481648
23, 2019-03-17 18:06:35, 139.631616, 35.481344
99, 2019-03-17 18:06:39, 139.631216, 35.481648
23, 2019-03-17 18:06:43, 139.631616, 35.481348
99, 2019-03-17 18:06:47, 139.631216, 35.481648
23, 2019-03-17 18:06:51, 139.631616, 35.481352
99, 2019-03-17 18:06:55, 139.631216, 35.481648
23, 2019-03-17 18:06:59, 139.6316, 35.481356
99, 2019-03-17 18:07:03, 139.631216, 35.481648
23, 2019-03-17 18:07:07, 139.631584, 35.48136
99, 2019-03-17 18:07:11, 139.631216, 35.481648
23, 2019-03-17 18:07:15, 139.631584, 35.481364
99, 2019-03-17 18:07:19, 139.631216, 35.481648
23, 2019-03-17 18:07:23, 139.631584, 35.48136
99, 2019-03-17 18:07:27, 139.631216, 35.481648
23, 2019-03-17 18:07:31, 139.631584, 35.481356
99, 2019-03-17 18:07:35, 139.631216, 35.481648
23, 2019-03-17 18:07:39, 139.6316, 35.481348
99, 2019-03-17 18:07:43, 139.631216, 35.481648
23, 2019-03-17 18:07:47, 139.6316, 35.481332
99, 2019-03-17 18:07:51, 139.631216, 35.481648
23, 2019-03-17 18:07:55, 139.6316, 35.48132
99, 2019-03-17 18:07:59, 139.631216, 35.481648
23, 2019-03-17 18:08:03, 139.6316, 35.481312
99, 2019-03-17 18:08:07, 139.631216, 35.481648
23, 2019-03-17 18:08:11, 139.631616, 35.481308
99, 2019-03-17 18:08:15, 139.631216, 35.481648
23, 2019-03-17 18:08:19, 139.631616, 35.481292
99, 2019-03-17 18:08:23, 139.631216, 35.481648
23, 2019-03-17 18:08:27, 139.631616, 35.481292
99, 2019-03-17 18:08:31, 139.631216, 35.481648
23, 2019-03-17 18:08:35, 139.631616, 35.481284
99, 2019-03-17 18:08:39, 139.631216, 35.481648
23, 2019-03-17 18:08:43, 139.6316, 35.481284
99, 2019-03-17 18:08:47, 139.631216, 35.481648
23, 2019-03-17 18:08:51, 139.6316, 35.481284
99, 2019-03-17 18:08:55, 139.631216, 35.481648
23, 2019-03-17 18:08:59, 139.6316, 35.481292
99, 2019-03-17 18:09:03, 139.631216, 35.481648
23, 2019-03-17 18:09:07, 139.631584, 35.481296
99, 2019-03-17 18:09:11, 139.631216, 35.481648
23, 2019-03-17 18:09:15, 139.631584, 35.4813
99, 2019-03-17 18:09:19, 139.631216, 35.481648
23, 2019-03-17 18:09:23, 139.631584, 35.481308
99, 2019-03-17 18:09:27, 139.631216, 35.481648
23, 2019-03-17 18:09:31, 139.631568, 35.481308
99, 2019-03-17 18:09:35, 139.631216, 35.481648
23, 2019-03-17 18:09:39, 139.631568, 35.481296
99, 2019-03-17 18:09:43, 139.631216, 35.481648
23, 2019-03-17 18:09:47, 139.631568, 35.4813
99, 2019-03-17 18:09:51, 139.631216, 35.481648
23, 2019-03-17 18:09:55, 139.631568, 35.481288
99, 2019-03-17 18:09:59, 139.631216, 35.481648
23, 2019-03-17 18:10:03, 139.631584, 35.481276
99, 2019-03-17 18:10:07, 139.631216, 35.481648
23, 2019-03-17 18:10:11, 139.631584, 35.481268
99, 2019-03-17 18:10:15, 139.631216, 35.481648
23, 2019-03-17 18:10:19, 139.631584, 35.481268
99, 2019-03-17 18:10:23, 139.631216, 35.481648
23, 2019-03-17 18:10:27, 139.631584, 35.481292
99, 2019-03-17 18:10:31, 139.631216, 35.481648
23, 2019-03-17 18:10:35, 139.631584, 35.481324
99, 2019-03-17 18:10:39, 139.631216, 35.481648
23, 2019-03-17 18:10:43, 139.631584, 35.481344
99, 2019-03-17 18:10:47, 139.631216, 35.481648
23, 2019-03-17 18:10:51, 139.631568, 35.481352
99, 2019-03-17 18:10:55, 139.631216, 35.481648
23, 2019-03-17 18:10:59, 139.631552, 35.481368
99, 2019-03-17 18:11:03, 139.631216, 35.481648
23, 2019-03-17 18:11:07, 139.631568, 35.48138
99, 2019-03-17 18:11:11, 139.631216, 35.481648
23, 2019-03-17 18:11:15, 139.631584, 35.481368
99, 2019-03-17 18:11:19, 139.631216, 35.481648
23, 2019-03-17 18:11:23, 139.6316, 35.481344
99, 2019-03-17 18:11:27, 139.631216, 35.481648
23, 2019-03-17 18:11:31, 139.631616, 35.481316
99, 2019-03-17 18:11:35, 139.631216, 35.481648
23, 2019-03-17 18:11:39, 139.631632, 35.481308
99, 2019-03-17 18:11:43, 139.631216, 35.481648
23, 2019-03-17 18:11:47, 139.631632, 35.481308
99, 2019-03-17 18:11:51, 139.631216, 35.481648
23, 2019-03-17 18:11:55, 139.631632, 35.481312
99, 2019-03-17 18:11:59, 139.631216, 35.481648
23, 2019-03-17 18:12:03, 139.631648, 35.481296
99, 2019-03-17 18:12:07, 139.631216, 35.481648
23, 2019-03-17 18:12:11, 139.631648, 35.481284
99, 2019-03-17 18:12:15, 139.631216, 35.481648
23, 2019-03-17 18:12:19, 139.631648, 35.48128
99, 2019-03-17 18:12:23, 139.631216, 35.481648
23, 2019-03-17 18:12:27, 139.631664, 35.481292
99, 2019-03-17 18:12:31, 139.631216, 35.481648
23, 2019-03-17 18:12:35, 139.631648, 35.481296
99, 2019-03-17 18:12:39, 139.631216, 35.481648
23, 2019-03-17 18:12:43, 139.631648, 35.481296
99, 2019-03-17 18:12:47, 139.631216, 35.481648
23, 2019-03-17 18:12:51, 139.631648, 35.481288
99, 2019-03-17 18:12:55, 139.631216, 35.481648
23, 2019-03-17 18:12:59, 139.631648, 35.48128
99, 2019-03-17 18:13:03, 139.631216, 35.481648
23, 2019-03-17 18:13:07, 139.631632, 35.481292
99, 2019-03-17 18:13:11, 139.631216, 35.481648
23, 2019-03-17 18:13:15, 139.631616, 35.481304
99, 2019-03-17 18:13:19, 139.631216, 35.481648
23, 2019-03-17 18:13:23, 139.631616, 35.481312
99, 2019-03-17 18:13:27, 139.631216, 35.481648
23, 2019-03-17 18:13:31, 139.631616, 35.481304
99, 2019-03-17 18:13:35, 139.631216, 35.481648
23, 2019-03-17 18:13:39, 139.631616, 35.481296
99, 2019-03-17 18:13:43, 139.631216, 35.481648
23, 2019-03-17 18:13:47, 139.631616, 35.4813
99, 2019-03-17 18:13:51, 139.631216, 35.481648
23, 2019-03-17 18:13:55, 139.631616, 35.481288
99, 2019-03-17 18:13:59, 139.631216, 35.481648
23, 2019-03-17 18:14:03, 139.631616, 35.481284
99, 2019-03-17 18:14:07, 139.631216, 35.481648
23, 2019-03-17 18:14:11, 139.6316, 35.481296
99, 2019-03-17 18:14:15, 139.631216, 35.481648
23, 2019-03-17 18:14:19, 139.631616, 35.4813
99, 2019-03-17 18:14:23, 139.631216, 35.481648
23, 2019-03-17 18:14:27, 139.631584, 35.481268
99, 2019-03-17 18:14:31, 139.631216, 35.481648
23, 2019-03-17 18:14:35, 139.631584, 35.481256
99, 2019-03-17 18:14:39, 139.631216, 35.481648
23, 2019-03-17 18:14:43, 139.6316, 35.481252
99, 2019-03-17 18:14:47, 139.631216, 35.481648
23, 2019-03-17 18:14:51, 139.6316, 35.481268
99, 2019-03-17 18:14:55, 139.631216, 35.481648
23, 2019-03-17 18:14:59, 139.631568, 35.481268
99, 2019-03-17 18:15:03, 139.631216, 35.481648
23, 2019-03-17 18:15:07, 139.631456, 35.481228
99, 2019-03-17 18:15:11, 139.631216, 35.481648
23, 2019-03-17 18:15:15, 139.631328, 35.481176
99, 2019-03-17 18:15:19, 139.631216, 35.481648
23, 2019-03-17 18:15:23, 139.63136, 35.481132
99, 2019-03-17 18:15:27, 139.631216, 35.481648
23, 2019-03-17 18:15:31, 139.63144, 35.48098
99, 2019-03-17 18:15:35, 139.631216, 35.481648
23, 2019-03-17 18:15:39, 139.631504, 35.480872
99, 2019-03-17 18:15:43, 139.631216, 35.481648
23, 2019-03-17 18:15:47, 139.631504, 35.480788
99, 2019-03-17 18:15:51, 139.631216, 35.481648
23, 2019-03-17 18:15:55, 139.631808, 35.480344
99, 2019-03-17 18:15:59, 139.631216, 35.481648
23, 2019-03-17 18:16:03, 139.631744, 35.480164
99, 2019-03-17 18:16:07, 139.631216, 35.481648
23, 2019-03-17 18:16:11, 139.63176, 35.480156
99, 2019-03-17 18:16:15, 139.631216, 35.481648
23, 2019-03-17 18:16:19, 139.63264, 35.4797
99, 2019-03-17 18:16:23, 139.631216, 35.481648
23, 2019-03-17 18:16:27, 139.632288, 35.479936
99, 2019-03-17 18:16:31, 139.631216, 35.481648
23, 2019-03-17 18:16:35, 139.63192, 35.480072
99, 2019-03-17 18:16:39, 139.631216, 35.481648
23, 2019-03-17 18:16:43, 139.631856, 35.480084
99, 2019-03-17 18:16:47, 139.631216, 35.481648
23, 2019-03-17 18:16:51, 139.63184, 35.480144
99, 2019-03-17 18:16:55, 139.631216, 35.481648
23, 2019-03-17 18:16:59, 139.63184, 35.48018
99, 2019-03-17 18:17:03, 139.631216, 35.481648
23, 2019-03-17 18:17:07, 139.631824, 35.480204
99, 2019-03-17 18:17:11, 139.631216, 35.481648
23, 2019-03-17 18:17:15, 139.631888, 35.480284
99, 2019-03-17 18:17:19, 139.631216, 35.481648
23, 2019-03-17 18:17:23, 139.631936, 35.480356
99, 2019-03-17 18:17:27, 139.631216, 35.481648
23, 2019-03-17 18:17:31, 139.631904, 35.480456
99, 2019-03-17 18:17:35, 139.631216, 35.481648
23, 2019-03-17 18:17:39, 139.631824, 35.480552
99, 2019-03-17 18:17:43, 139.631216, 35.481648
23, 2019-03-17 18:17:47, 139.631712, 35.480644
99, 2019-03-17 18:17:51, 139.631216, 35.481648
23, 2019-03-17 18:17:55, 139.631632, 35.480748
99, 2019-03-17 18:17:59, 139.631216, 35.481648
23, 2019-03-17 18:18:03, 139.631584, 35.480884
99, 2019-03-17 18:18:07, 139.631216, 35.481648
23, 2019-03-17 18:18:11, 139.631504, 35.480992
99, 2019-03-17 18:18:15, 139.631216, 35.481648
23, 2019-03-17 18:18:19, 139.631376, 35.481108
99, 2019-03-17 18:18:23, 139.631216, 35.481648
23, 2019-03-17 18:18:27, 139.63144, 35.481168
99, 2019-03-17 18:18:31, 139.631216, 35.481648
23, 2019-03-17 18:18:35, 139.631552, 35.481196
99, 2019-03-17 18:18:39, 139.631216, 35.481648
23, 2019-03-17 18:18:43, 139.631616, 35.481168
99, 2019-03-17 18:18:47, 139.631216, 35.481648
23, 2019-03-17 18:18:51, 139.631664, 35.481152
99, 2019-03-17 18:18:55, 139.631216, 35.481648
23, 2019-03-17 18:18:59, 139.63168, 35.481164
99, 2019-03-17 18:19:03, 139.631216, 35.481648
23, 2019-03-17 18:19:07, 139.63168, 35.481184
99, 2019-03-17 18:19:11, 139.631216, 35.481648
23, 2019-03-17 18:19:15, 139.63168, 35.481216
99, 2019-03-17 18:19:19, 139.631216, 35.481648
23, 2019-03-17 18:19:23, 139.63168, 35.48124
99, 2019-03-17 18:19:27, 139.631216, 35.481648
23, 2019-03-17 18:19:31, 139.63168, 35.481248
99, 2019-03-17 18:19:35, 139.631216, 35.481648
23, 2019-03-17 18:19:39, 139.63168, 35.481244
99, 2019-03-17 18:19:43, 139.631216, 35.481648
23, 2019-03-17 18:19:47, 139.63168, 35.481248
99, 2019-03-17 18:19:51, 139.631216, 35.481648
23, 2019-03-17 18:19:55, 139.63168, 35.481252
99, 2019-03-17 18:19:59, 139.631216, 35.481648
23, 2019-03-17 18:20:03, 139.63168, 35.481256
99, 2019-03-17 18:20:07, 139.631216, 35.481648
23, 2019-03-17 18:20:11, 139.63168, 35.481252
99, 2019-03-17 18:20:15, 139.631216, 35.481648
23, 2019-03-17 18:20:19, 139.63168, 35.481256
99, 2019-03-17 18:20:23, 139.631216, 35.481648
23, 2019-03-17 18:20:27, 139.63168, 35.481264
99, 2019-03-17 18:20:31, 139.631216, 35.481648
23, 2019-03-17 18:20:35, 139.63168, 35.481268
99, 2019-03-17 18:20:39, 139.631216, 35.481648
23, 2019-03-17 18:20:43, 139.63168, 35.481268
99, 2019-03-17 18:20:47, 139.631216, 35.481648
23, 2019-03-17 18:20:51, 139.631664, 35.481268
99, 2019-03-17 18:20:55, 139.631216, 35.481648
23, 2019-03-17 18:20:59, 139.63168, 35.481268
99, 2019-03-17 18:21:03, 139.631216, 35.481648
23, 2019-03-17 18:21:07, 139.63168, 35.48126
99, 2019-03-17 18:21:11, 139.631216, 35.481648
23, 2019-03-17 18:21:15, 139.631696, 35.481264
99, 2019-03-17 18:21:19, 139.631216, 35.481648
23, 2019-03-17 18:21:23, 139.631696, 35.481268
99, 2019-03-17 18:21:27, 139.631216, 35.481648
23, 2019-03-17 18:21:31, 139.63168, 35.481276
99, 2019-03-17 18:21:35, 139.631216, 35.481648
23, 2019-03-17 18:21:39, 139.63168, 35.481284
99, 2019-03-17 18:21:43, 139.631216, 35.481648
23, 2019-03-17 18:21:47, 139.63168, 35.481292
99, 2019-03-17 18:21:51, 139.631216, 35.481648
23, 2019-03-17 18:21:55, 139.63168, 35.481292
99, 2019-03-17 18:21:59, 139.631216, 35.481648
23, 2019-03-17 18:22:03, 139.631664, 35.481292
99, 2019-03-17 18:22:07, 139.631216, 35.481648
23, 2019-03-17 18:22:11, 139.631648, 35.48128
99, 2019-03-17 18:22:15, 139.631216, 35.481648
23, 2019-03-17 18:22:19, 139.631664, 35.481272
99, 2019-03-17 18:22:23, 139.631216, 35.481648
23, 2019-03-17 18:22:27, 139.631664, 35.481268
99, 2019-03-17 18:22:31, 139.631216, 35.481648
23, 2019-03-17 18:22:35, 139.631664, 35.481268
99, 2019-03-17 18:22:39, 139.631216, 35.481648
23, 2019-03-17 18:22:43, 139.631648, 35.48126
99, 2019-03-17 18:22:47, 139.631216, 35.481648
23, 2019-03-17 18:22:51, 139.631648, 35.481252
99, 2019-03-17 18:22:55, 139.631216, 35.481648
23, 2019-03-17 18:22:59, 139.631648, 35.481244
99, 2019-03-17 18:23:03, 139.631216, 35.481648
23, 2019-03-17 18:23:07, 139.631632, 35.48124
99, 2019-03-17 18:23:11, 139.631216, 35.481648
23, 2019-03-17 18:23:15, 139.631632, 35.48124
99, 2019-03-17 18:23:19, 139.631216, 35.481648
23, 2019-03-17 18:23:23, 139.631616, 35.481244
99, 2019-03-17 18:23:27, 139.631216, 35.481648
23, 2019-03-17 18:23:31, 139.631616, 35.481248
99, 2019-03-17 18:23:35, 139.631216, 35.481648
23, 2019-03-17 18:23:39, 139.6316, 35.481248
99, 2019-03-17 18:23:43, 139.631216, 35.481648
23, 2019-03-17 18:23:47, 139.631584, 35.481252
99, 2019-03-17 18:23:51, 139.631216, 35.481648
23, 2019-03-17 18:23:55, 139.631568, 35.481248
99, 2019-03-17 18:23:59, 139.631216, 35.481648
23, 2019-03-17 18:24:03, 139.631568, 35.481244
99, 2019-03-17 18:24:07, 139.631216, 35.481648
23, 2019-03-17 18:24:11, 139.631584, 35.481256
99, 2019-03-17 18:24:15, 139.631216, 35.481648
23, 2019-03-17 18:24:19, 139.631616, 35.48126
99, 2019-03-17 18:24:23, 139.631216, 35.481648
23, 2019-03-17 18:24:27, 139.631632, 35.481264
99, 2019-03-17 18:24:31, 139.631216, 35.481648
23, 2019-03-17 18:24:35, 139.631632, 35.481268
99, 2019-03-17 18:24:39, 139.631216, 35.481648
23, 2019-03-17 18:24:43, 139.631648, 35.481268
99, 2019-03-17 18:24:47, 139.631216, 35.481648
23, 2019-03-17 18:24:51, 139.631648, 35.481268
99, 2019-03-17 18:24:55, 139.631216, 35.481648
23, 2019-03-17 18:24:59, 139.631632, 35.481276
99, 2019-03-17 18:25:03, 139.631216, 35.481648
23, 2019-03-17 18:25:07, 139.631632, 35.48128
99, 2019-03-17 18:25:11, 139.631216, 35.481648
23, 2019-03-17 18:25:15, 139.631632, 35.48128
99, 2019-03-17 18:25:19, 139.631216, 35.481648
23, 2019-03-17 18:25:23, 139.631664, 35.48128
99, 2019-03-17 18:25:27, 139.631216, 35.481648
23, 2019-03-17 18:25:31, 139.63168, 35.481272
99, 2019-03-17 18:25:35, 139.631216, 35.481648
23, 2019-03-17 18:25:39, 139.63168, 35.481276
99, 2019-03-17 18:25:43, 139.631216, 35.481648
23, 2019-03-17 18:25:47, 139.63168, 35.481276
99, 2019-03-17 18:25:51, 139.631216, 35.481648
23, 2019-03-17 18:25:55, 139.63168, 35.481276
99, 2019-03-17 18:25:59, 139.631216, 35.481648
23, 2019-03-17 18:26:03, 139.63168, 35.481272
99, 2019-03-17 18:26:07, 139.631216, 35.481648
23, 2019-03-17 18:26:11, 139.63168, 35.481276
99, 2019-03-17 18:26:15, 139.631216, 35.481648
23, 2019-03-17 18:26:19, 139.631664, 35.481292
99, 2019-03-17 18:26:23, 139.631216, 35.481648
23, 2019-03-17 18:26:27, 139.631664, 35.481284
99, 2019-03-17 18:26:31, 139.631216, 35.481648
23, 2019-03-17 18:26:35, 139.631664, 35.481288
99, 2019-03-17 18:26:39, 139.631216, 35.481648
23, 2019-03-17 18:26:43, 139.631664, 35.48128
99, 2019-03-17 18:26:47, 139.631216, 35.481648
23, 2019-03-17 18:26:51, 139.63168, 35.481268
99, 2019-03-17 18:26:55, 139.631216, 35.481648
23, 2019-03-17 18:26:59, 139.63168, 35.481268
99, 2019-03-17 18:27:03, 139.631216, 35.481648
23, 2019-03-17 18:27:07, 139.631648, 35.48126
99, 2019-03-17 18:27:11, 139.631216, 35.481648
23, 2019-03-17 18:27:15, 139.631648, 35.481252
99, 2019-03-17 18:27:19, 139.631216, 35.481648
23, 2019-03-17 18:27:23, 139.631632, 35.481256
99, 2019-03-17 18:27:27, 139.631216, 35.481648
23, 2019-03-17 18:27:31, 139.631616, 35.481276
99, 2019-03-17 18:27:35, 139.631216, 35.481648
23, 2019-03-17 18:27:39, 139.631616, 35.481292
99, 2019-03-17 18:27:43, 139.631216, 35.481648
23, 2019-03-17 18:27:47, 139.631616, 35.48128
99, 2019-03-17 18:27:51, 139.631216, 35.481648
23, 2019-03-17 18:27:55, 139.631616, 35.481276
99, 2019-03-17 18:27:59, 139.631216, 35.481648
23, 2019-03-17 18:28:03, 139.631616, 35.481276
99, 2019-03-17 18:28:07, 139.631216, 35.481648
23, 2019-03-17 18:28:11, 139.631632, 35.481276
99, 2019-03-17 18:28:15, 139.634848, 35.476112
23, 2019-03-17 18:28:19, 139.635232, 35.476272
99, 2019-03-17 18:28:23, 139.6348, 35.476076
23, 2019-03-17 18:28:27, 139.635248, 35.476256
99, 2019-03-17 18:28:31, 139.634928, 35.47608
23, 2019-03-17 18:28:35, 139.635248, 35.476244
99, 2019-03-17 18:28:39, 139.635296, 35.475916
23, 2019-03-17 18:28:43, 139.635264, 35.476244
99, 2019-03-17 18:28:47, 139.636304, 35.476876
23, 2019-03-17 18:28:51, 139.63576, 35.476168
99, 2019-03-17 18:28:55, 139.63752, 35.478032
23, 2019-03-17 18:28:59, 139.636768, 35.477264
99, 2019-03-17 18:29:03, 139.638288, 35.47892
23, 2019-03-17 18:29:07, 139.638, 35.478492
99, 2019-03-17 18:29:11, 139.638336, 35.47894
23, 2019-03-17 18:29:15, 139.638368, 35.478988
99, 2019-03-17 18:29:19, 139.63872, 35.47926
23, 2019-03-17 18:29:23, 139.638352, 35.478992
99, 2019-03-17 18:29:27, 139.6396, 35.48004
23, 2019-03-17 18:29:31, 139.638912, 35.479496
99, 2019-03-17 18:29:35, 139.640928, 35.48116
23, 2019-03-17 18:29:39, 139.639888, 35.48034
99, 2019-03-17 18:29:43, 139.642464, 35.48222
23, 2019-03-17 18:29:47, 139.641264, 35.481464
99, 2019-03-17 18:29:51, 139.644288, 35.48344
23, 2019-03-17 18:29:55, 139.642976, 35.482568
99, 2019-03-17 18:29:59, 139.64608, 35.484324
23, 2019-03-17 18:30:03, 139.644704, 35.483712
99, 2019-03-17 18:30:07, 139.648384, 35.484832
23, 2019-03-17 18:30:11, 139.646704, 35.484536
99, 2019-03-17 18:30:15, 139.659264, 35.48872
23, 2019-03-17 18:30:19, 139.658224, 35.488088
99, 2019-03-17 18:30:23, 139.660576, 35.48952
23, 2019-03-17 18:30:27, 139.659728, 35.488956
99, 2019-03-17 18:30:31, 139.661408, 35.490136
23, 2019-03-17 18:30:35, 139.66112, 35.489892
99, 2019-03-17 18:30:39, 139.661488, 35.490136
23, 2019-03-17 18:30:43, 139.661472, 35.49016
99, 2019-03-17 18:30:47, 139.661504, 35.490144
23, 2019-03-17 18:30:51, 139.661488, 35.490156
99, 2019-03-17 18:30:55, 139.661488, 35.490148
23, 2019-03-17 18:30:59, 139.661472, 35.490152
99, 2019-03-17 18:31:03, 139.66192, 35.490504
23, 2019-03-17 18:31:07, 139.661456, 35.490156
99, 2019-03-17 18:31:11, 139.66296, 35.49126
23, 2019-03-17 18:31:15, 139.662176, 35.4907
99, 2019-03-17 18:31:19, 139.664576, 35.492204
23, 2019-03-17 18:31:23, 139.663312, 35.491324
99, 2019-03-17 18:31:27, 139.666016, 35.492976
23, 2019-03-17 18:31:31, 139.66496, 35.492424
99, 2019-03-17 18:31:35, 139.667456, 35.494084
23, 2019-03-17 18:31:39, 139.666464, 35.493288
99, 2019-03-17 18:31:43, 139.668464, 35.494944
23, 2019-03-17 18:31:47, 139.667728, 35.494316
99, 2019-03-17 18:31:51, 139.669536, 35.49584
23, 2019-03-17 18:31:55, 139.668848, 35.495268
99, 2019-03-17 18:31:59, 139.6696, 35.49588
23, 2019-03-17 18:32:03, 139.669568, 35.495872
99, 2019-03-17 18:32:07, 139.6696, 35.495876
23, 2019-03-17 18:32:11, 139.6696, 35.495872
99, 2019-03-17 18:32:15, 139.67, 35.4962
23, 2019-03-17 18:32:19, 139.6696, 35.49588
99, 2019-03-17 18:32:23, 139.671456, 35.49746
23, 2019-03-17 18:32:27, 139.670336, 35.496504
99, 2019-03-17 18:32:31, 139.672928, 35.498692
23, 2019-03-17 18:32:35, 139.67184, 35.497792
99, 2019-03-17 18:32:39, 139.674448, 35.500212
23, 2019-03-17 18:32:43, 139.673344, 35.499064
99, 2019-03-17 18:32:47, 139.675552, 35.501524
23, 2019-03-17 18:32:51, 139.674736, 35.500568
99, 2019-03-17 18:32:55, 139.675904, 35.501924
23, 2019-03-17 18:32:59, 139.675808, 35.501804
99, 2019-03-17 18:33:03, 139.675904, 35.501928
23, 2019-03-17 18:33:07, 139.67592, 35.501932
99, 2019-03-17 18:33:11, 139.67592, 35.501936
23, 2019-03-17 18:33:15, 139.675904, 35.501924
99, 2019-03-17 18:33:19, 139.676288, 35.502372
23, 2019-03-17 18:33:23, 139.67592, 35.50194
99, 2019-03-17 18:33:27, 139.677184, 35.503416
23, 2019-03-17 18:33:31, 139.676576, 35.502704
99, 2019-03-17 18:33:35, 139.678032, 35.504376
23, 2019-03-17 18:33:39, 139.677392, 35.503636
99, 2019-03-17 18:33:43, 139.679104, 35.505632
23, 2019-03-17 18:33:47, 139.678352, 35.504736
99, 2019-03-17 18:33:51, 139.679984, 35.506792
23, 2019-03-17 18:33:55, 139.679376, 35.505944
99, 2019-03-17 18:33:59, 139.680864, 35.50796
23, 2019-03-17 18:34:03, 139.680256, 35.50716
99, 2019-03-17 18:34:07, 139.680976, 35.508092
23, 2019-03-17 18:34:11, 139.68096, 35.50808
99, 2019-03-17 18:34:15, 139.680976, 35.508088
23, 2019-03-17 18:34:19, 139.680976, 35.508108
99, 2019-03-17 18:34:23, 139.680992, 35.508088
23, 2019-03-17 18:34:27, 139.68096, 35.508108
99, 2019-03-17 18:34:31, 139.681024, 35.508128
23, 2019-03-17 18:34:35, 139.680976, 35.5081
99, 2019-03-17 18:34:39, 139.681632, 35.508752
23, 2019-03-17 18:34:43, 139.681104, 35.508256
99, 2019-03-17 18:34:47, 139.68272, 35.509744
23, 2019-03-17 18:34:51, 139.681984, 35.508992
99, 2019-03-17 18:34:55, 139.683568, 35.510696
23, 2019-03-17 18:34:59, 139.682944, 35.51
99, 2019-03-17 18:35:03, 139.684624, 35.511968
23, 2019-03-17 18:35:07, 139.683808, 35.511032
99, 2019-03-17 18:35:11, 139.68544, 35.513084
23, 2019-03-17 18:35:15, 139.684832, 35.512244
99, 2019-03-17 18:35:19, 139.685808, 35.513628
23, 2019-03-17 18:35:23, 139.685648, 35.513412
99, 2019-03-17 18:35:27, 139.685808, 35.513628
23, 2019-03-17 18:35:31, 139.685808, 35.513648
99, 2019-03-17 18:35:35, 139.685808, 35.513632
23, 2019-03-17 18:35:39, 139.685808, 35.513648
99, 2019-03-17 18:35:43, 139.685904, 35.513808
23, 2019-03-17 18:35:47, 139.685808, 35.513644
99, 2019-03-17 18:35:51, 139.686656, 35.515112
23, 2019-03-17 18:35:55, 139.68608, 35.51414
99, 2019-03-17 18:35:59, 139.687536, 35.51646
23, 2019-03-17 18:36:03, 139.686864, 35.515448
99, 2019-03-17 18:36:07, 139.688752, 35.518276
23, 2019-03-17 18:36:11, 139.687872, 35.516964
99, 2019-03-17 18:36:15, 139.68992, 35.519888
23, 2019-03-17 18:36:19, 139.689024, 35.518688
99, 2019-03-17 18:36:23, 139.691968, 35.52122
23, 2019-03-17 18:36:27, 139.690448, 35.520348
99, 2019-03-17 18:36:31, 139.693712, 35.522192
23, 2019-03-17 18:36:35, 139.692448, 35.521484
99, 2019-03-17 18:36:39, 139.694272, 35.522508
23, 2019-03-17 18:36:43, 139.694128, 35.522448
99, 2019-03-17 18:36:47, 139.694288, 35.522504
23, 2019-03-17 18:36:51, 139.694272, 35.52252
99, 2019-03-17 18:36:55, 139.694288, 35.522512
23, 2019-03-17 18:36:59, 139.694272, 35.52252
99, 2019-03-17 18:37:03, 139.694288, 35.522516
23, 2019-03-17 18:37:07, 139.694272, 35.522516
99, 2019-03-17 18:37:11, 139.694272, 35.522512
23, 2019-03-17 18:37:15, 139.694272, 35.522512
99, 2019-03-17 18:37:19, 139.694272, 35.522512
23, 2019-03-17 18:37:23, 139.694272, 35.522508
99, 2019-03-17 18:37:27, 139.694272, 35.52252
23, 2019-03-17 18:37:31, 139.694288, 35.522496
99, 2019-03-17 18:37:35, 139.694288, 35.522516
23, 2019-03-17 18:37:39, 139.694304, 35.522488
99, 2019-03-17 18:37:43, 139.694304, 35.522512
23, 2019-03-17 18:37:47, 139.694304, 35.522492
99, 2019-03-17 18:37:51, 139.694304, 35.522512
23, 2019-03-17 18:37:55, 139.694304, 35.522508
99, 2019-03-17 18:37:59, 139.6944, 35.522548
23, 2019-03-17 18:38:03, 139.694288, 35.52252
99, 2019-03-17 18:38:07, 139.694416, 35.52256
23, 2019-03-17 18:38:11, 139.6944, 35.522556
99, 2019-03-17 18:38:15, 139.694416, 35.522564
23, 2019-03-17 18:38:19, 139.6944, 35.52256
99, 2019-03-17 18:38:23, 139.694432, 35.52256
23, 2019-03-17 18:38:27, 139.6944, 35.522564
99, 2019-03-17 18:38:31, 139.694992, 35.522852
23, 2019-03-17 18:38:35, 139.694416, 35.52256
99, 2019-03-17 18:38:39, 139.696224, 35.523504
23, 2019-03-17 18:38:43, 139.695264, 35.522996
99, 2019-03-17 18:38:47, 139.697808, 35.524352
23, 2019-03-17 18:38:51, 139.69664, 35.523732
99, 2019-03-17 18:38:55, 139.699344, 35.525168
23, 2019-03-17 18:38:59, 139.69816, 35.524544
99, 2019-03-17 18:39:03, 139.70096, 35.526036
23, 2019-03-17 18:39:07, 139.69984, 35.52544
99, 2019-03-17 18:39:11, 139.701872, 35.52654
23, 2019-03-17 18:39:15, 139.701264, 35.5262
99, 2019-03-17 18:39:19, 139.70192, 35.526564
23, 2019-03-17 18:39:23, 139.701936, 35.52656
99, 2019-03-17 18:39:27, 139.701936, 35.526564
23, 2019-03-17 18:39:31, 139.701952, 35.526572
99, 2019-03-17 18:39:35, 139.70256, 35.527096
23, 2019-03-17 18:39:39, 139.701984, 35.526596
99, 2019-03-17 18:39:43, 139.703376, 35.528184
23, 2019-03-17 18:39:47, 139.702752, 35.52736
99, 2019-03-17 18:39:51, 139.704432, 35.529652
23, 2019-03-17 18:39:55, 139.703632, 35.528592
99, 2019-03-17 18:39:59, 139.705408, 35.531048
23, 2019-03-17 18:40:03, 139.70464, 35.53
99, 2019-03-17 18:40:07, 139.706704, 35.532736
23, 2019-03-17 18:40:11, 139.705744, 35.531548
99, 2019-03-17 18:40:15, 139.70768, 35.534172
23, 2019-03-17 18:40:19, 139.70696, 35.53312
99, 2019-03-17 18:40:23, 139.708208, 35.536132
23, 2019-03-17 18:40:27, 139.707808, 35.534712
99, 2019-03-17 18:40:31, 139.70848, 35.53788
23, 2019-03-17 18:40:35, 139.708272, 35.536612
99, 2019-03-17 18:40:39, 139.708832, 35.539892
23, 2019-03-17 18:40:43, 139.708576, 35.53844
99, 2019-03-17 18:40:47, 139.7096, 35.541512
23, 2019-03-17 18:40:51, 139.70896, 35.540364
99, 2019-03-17 18:40:55, 139.710272, 35.54246
23, 2019-03-17 18:40:59, 139.709936, 35.542028
99, 2019-03-17 18:41:03, 139.710288, 35.54248
23, 2019-03-17 18:41:07, 139.710272, 35.54248
99, 2019-03-17 18:41:11, 139.710288, 35.5425
23, 2019-03-17 18:41:15, 139.710256, 35.542484
99, 2019-03-17 18:41:19, 139.710704, 35.543044
23, 2019-03-17 18:41:23, 139.710272, 35.542484
99, 2019-03-17 18:41:27, 139.711632, 35.54414
23, 2019-03-17 18:41:31, 139.710912, 35.54328
99, 2019-03-17 18:41:35, 139.712992, 35.545844
23, 2019-03-17 18:41:39, 139.711952, 35.54458
99, 2019-03-17 18:41:43, 139.714016, 35.54718
23, 2019-03-17 18:41:47, 139.713232, 35.546196
99, 2019-03-17 18:41:51, 139.71504, 35.548576
23, 2019-03-17 18:41:55, 139.714288, 35.547592
99, 2019-03-17 18:41:59, 139.715888, 35.549652
23, 2019-03-17 18:42:03, 139.715248, 35.5489
99, 2019-03-17 18:42:07, 139.71696, 35.551088
23, 2019-03-17 18:42:11, 139.71616, 35.550052
99, 2019-03-17 18:42:15, 139.717824, 35.552248
23, 2019-03-17 18:42:19, 139.717184, 35.551416
99, 2019-03-17 18:42:23, 139.718864, 35.553688
23, 2019-03-17 18:42:27, 139.718112, 35.552668
99, 2019-03-17 18:42:31, 139.71992, 35.555124
23, 2019-03-17 18:42:35, 139.719088, 35.55406
99, 2019-03-17 18:42:39, 139.721216, 35.55682
23, 2019-03-17 18:42:43, 139.720272, 35.555628
99, 2019-03-17 18:42:47, 139.721904, 35.557852
23, 2019-03-17 18:42:51, 139.721488, 35.557208
99, 2019-03-17 18:42:55, 139.723696, 35.56
23, 2019-03-17 18:42:59, 139.722736, 35.558956
99, 2019-03-17 18:43:03, 139.724672, 35.56126
23, 2019-03-17 18:43:07, 139.723888, 35.560304
99, 2019-03-17 18:43:11, 139.725808, 35.562788
23, 2019-03-17 18:43:15, 139.724944, 35.561696
99, 2019-03-17 18:43:19, 139.726784, 35.564092
23, 2019-03-17 18:43:23, 139.726032, 35.563116
99, 2019-03-17 18:43:27, 139.727856, 35.565556
23, 2019-03-17 18:43:31, 139.727104, 35.564532
99, 2019-03-17 18:43:35, 139.728528, 35.56646
23, 2019-03-17 18:43:39, 139.72808, 35.565856
99, 2019-03-17 18:43:43, 139.728672, 35.566628
23, 2019-03-17 18:43:47, 139.728624, 35.566588
99, 2019-03-17 18:43:51, 139.728672, 35.566612
23, 2019-03-17 18:43:55, 139.728688, 35.566648
99, 2019-03-17 18:43:59, 139.728672, 35.566616
23, 2019-03-17 18:44:03, 139.728688, 35.566652
99, 2019-03-17 18:44:07, 139.729072, 35.56714
23, 2019-03-17 18:44:11, 139.728704, 35.566688
99, 2019-03-17 18:44:15, 139.73, 35.568368
23, 2019-03-17 18:44:19, 139.729296, 35.567488
99, 2019-03-17 18:44:23, 139.730976, 35.569628
23, 2019-03-17 18:44:27, 139.730192, 35.568704
99, 2019-03-17 18:44:31, 139.732048, 35.571156
23, 2019-03-17 18:44:35, 139.731296, 35.570128
99, 2019-03-17 18:44:39, 139.73232, 35.571552
23, 2019-03-17 18:44:43, 139.73216, 35.571404
99, 2019-03-17 18:44:47, 139.732336, 35.57156
23, 2019-03-17 18:44:51, 139.732272, 35.571572
99, 2019-03-17 18:44:55, 139.732352, 35.57156
23, 2019-03-17 18:44:59, 139.732352, 35.571584
99, 2019-03-17 18:45:03, 139.732352, 35.571576
23, 2019-03-17 18:45:07, 139.732384, 35.571588
99, 2019-03-17 18:45:11, 139.732384, 35.571616
23, 2019-03-17 18:45:15, 139.732384, 35.57158
99, 2019-03-17 18:45:19, 139.73328, 35.572804
23, 2019-03-17 18:45:23, 139.732496, 35.571824
99, 2019-03-17 18:45:27, 139.733984, 35.574356
23, 2019-03-17 18:45:31, 139.733456, 35.57316
99, 2019-03-17 18:45:35, 139.734592, 35.576188
23, 2019-03-17 18:45:39, 139.734112, 35.574932
99, 2019-03-17 18:45:43, 139.735056, 35.577616
23, 2019-03-17 18:45:47, 139.734672, 35.57658
99, 2019-03-17 18:45:51, 139.735664, 35.57942
23, 2019-03-17 18:45:55, 139.735184, 35.578152
99, 2019-03-17 18:45:59, 139.736048, 35.580708
23, 2019-03-17 18:46:03, 139.735728, 35.579824
99, 2019-03-17 18:46:07, 139.736448, 35.582076
23, 2019-03-17 18:46:11, 139.736144, 35.581092
99, 2019-03-17 18:46:15, 139.736368, 35.583528
23, 2019-03-17 18:46:19, 139.736464, 35.582456
99, 2019-03-17 18:46:23, 139.736256, 35.584212
23, 2019-03-17 18:46:27, 139.736304, 35.583976
99, 2019-03-17 18:46:31, 139.736256, 35.584212
23, 2019-03-17 18:46:35, 139.736272, 35.584224
99, 2019-03-17 18:46:39, 139.736256, 35.5842
23, 2019-03-17 18:46:43, 139.736288, 35.58422
99, 2019-03-17 18:46:47, 139.736256, 35.584196
23, 2019-03-17 18:46:51, 139.736288, 35.58422
99, 2019-03-17 18:46:55, 139.736272, 35.584204
23, 2019-03-17 18:46:59, 139.736304, 35.584228
99, 2019-03-17 18:47:03, 139.736288, 35.584204
23, 2019-03-17 18:47:07, 139.736304, 35.58424
99, 2019-03-17 18:47:11, 139.736272, 35.584216
23, 2019-03-17 18:47:15, 139.736288, 35.584236
99, 2019-03-17 18:47:19, 139.736096, 35.585148
23, 2019-03-17 18:47:23, 139.736256, 35.584384
99, 2019-03-17 18:47:27, 139.735776, 35.586924
23, 2019-03-17 18:47:31, 139.736, 35.585652
99, 2019-03-17 18:47:35, 139.735744, 35.588476
23, 2019-03-17 18:47:39, 139.735744, 35.587324
99, 2019-03-17 18:47:43, 139.735904, 35.5904
23, 2019-03-17 18:47:47, 139.735792, 35.589056
99, 2019-03-17 18:47:51, 139.736208, 35.591912
23, 2019-03-17 18:47:55, 139.735936, 35.590796
99, 2019-03-17 18:47:59, 139.736336, 35.593816
23, 2019-03-17 18:48:03, 139.736272, 35.592468
99, 2019-03-17 18:48:07, 139.736752, 35.595464
23, 2019-03-17 18:48:11, 139.73632, 35.594296
99, 2019-03-17 18:48:15, 139.737536, 35.5972
23, 2019-03-17 18:48:19, 139.736944, 35.596028
99, 2019-03-17 18:48:23, 139.738256, 35.598696
23, 2019-03-17 18:48:27, 139.737664, 35.59758
99, 2019-03-17 18:48:31, 139.739152, 35.600668
23, 2019-03-17 18:48:35, 139.738448, 35.599268
99, 2019-03-17 18:48:39, 139.739952, 35.602352
23, 2019-03-17 18:48:43, 139.739328, 35.60116
99, 2019-03-17 18:48:47, 139.740288, 35.602924
23, 2019-03-17 18:48:51, 139.74008, 35.602712
99, 2019-03-17 18:48:55, 139.740288, 35.602948
23, 2019-03-17 18:48:59, 139.74024, 35.602964
99, 2019-03-17 18:49:03, 139.740288, 35.602956
23, 2019-03-17 18:49:07, 139.74024, 35.602972
99, 2019-03-17 18:49:11, 139.740368, 35.603056
23, 2019-03-17 18:49:15, 139.740256, 35.602972
99, 2019-03-17 18:49:19, 139.740944, 35.603808
23, 2019-03-17 18:49:23, 139.740432, 35.603232
99, 2019-03-17 18:49:27, 139.741616, 35.604612
23, 2019-03-17 18:49:31, 139.741072, 35.604032
99, 2019-03-17 18:49:35, 139.742624, 35.605816
23, 2019-03-17 18:49:39, 139.74184, 35.604908
99, 2019-03-17 18:49:43, 139.743056, 35.607116
23, 2019-03-17 18:49:47, 139.742864, 35.606156
99, 2019-03-17 18:49:51, 139.742768, 35.608252
23, 2019-03-17 18:49:55, 139.74296, 35.607496
99, 2019-03-17 18:49:59, 139.74264, 35.608792
23, 2019-03-17 18:50:03, 139.74272, 35.608468
99, 2019-03-17 18:50:07, 139.74264, 35.608808
23, 2019-03-17 18:50:11, 139.74264, 35.608812
99, 2019-03-17 18:50:15, 139.742592, 35.60906
23, 2019-03-17 18:50:19, 139.742624, 35.608816
99, 2019-03-17 18:50:23, 139.742352, 35.609996
23, 2019-03-17 18:50:27, 139.742512, 35.609256
99, 2019-03-17 18:50:31, 139.742048, 35.611224
23, 2019-03-17 18:50:35, 139.742272, 35.610284
99, 2019-03-17 18:50:39, 139.741664, 35.612748
23, 2019-03-17 18:50:43, 139.741936, 35.611676
99, 2019-03-17 18:50:47, 139.741312, 35.61414
23, 2019-03-17 18:50:51, 139.7416, 35.613076
99, 2019-03-17 18:50:55, 139.741088, 35.61558
23, 2019-03-17 18:50:59, 139.741232, 35.614572
99, 2019-03-17 18:51:03, 139.74104, 35.616368
23, 2019-03-17 18:51:07, 139.741056, 35.61586
99, 2019-03-17 18:51:11, 139.741024, 35.616508
23, 2019-03-17 18:51:15, 139.740992, 35.6165
99, 2019-03-17 18:51:19, 139.741024, 35.616512
23, 2019-03-17 18:51:23, 139.740992, 35.616544
99, 2019-03-17 18:51:27, 139.741008, 35.616528
23, 2019-03-17 18:51:31, 139.740992, 35.616548
99, 2019-03-17 18:51:35, 139.741008, 35.616528
23, 2019-03-17 18:51:39, 139.740992, 35.61654
99, 2019-03-17 18:51:43, 139.741008, 35.616512
23, 2019-03-17 18:51:47, 139.740992, 35.61654
99, 2019-03-17 18:51:51, 139.741008, 35.616508
23, 2019-03-17 18:51:55, 139.740992, 35.616536
99, 2019-03-17 18:51:59, 139.740992, 35.61658
23, 2019-03-17 18:52:03, 139.740992, 35.616532
99, 2019-03-17 18:52:07, 139.74088, 35.617528
23, 2019-03-17 18:52:11, 139.74096, 35.616776
99, 2019-03-17 18:52:15, 139.740672, 35.61902
23, 2019-03-17 18:52:19, 139.740832, 35.617936
99, 2019-03-17 18:52:23, 139.740064, 35.620188
23, 2019-03-17 18:52:27, 139.74056, 35.61936
99, 2019-03-17 18:52:31, 139.7392, 35.621516
23, 2019-03-17 18:52:35, 139.739824, 35.620564
99, 2019-03-17 18:52:39, 139.738432, 35.622692
23, 2019-03-17 18:52:43, 139.738992, 35.621824
99, 2019-03-17 18:52:47, 139.737984, 35.62412
23, 2019-03-17 18:52:51, 139.738192, 35.623116
99, 2019-03-17 18:52:55, 139.737968, 35.625672
23, 2019-03-17 18:52:59, 139.738048, 35.624476
99, 2019-03-17 18:53:03, 139.737712, 35.62652
23, 2019-03-17 18:53:07, 139.737776, 35.626196
99, 2019-03-17 18:53:11, 139.737744, 35.626528
23, 2019-03-17 18:53:15, 139.737696, 35.626528
99, 2019-03-17 18:53:19, 139.737728, 35.626536
23, 2019-03-17 18:53:23, 139.737696, 35.626532
99, 2019-03-17 18:53:27, 139.737712, 35.626536
23, 2019-03-17 18:53:31, 139.737696, 35.626524
99, 2019-03-17 18:53:35, 139.73768, 35.626896
23, 2019-03-17 18:53:39, 139.737696, 35.626524
99, 2019-03-17 18:53:43, 139.737504, 35.627908
23, 2019-03-17 18:53:47, 139.7376, 35.627168
99, 2019-03-17 18:53:51, 139.737472, 35.628836
23, 2019-03-17 18:53:55, 139.737472, 35.628136
99, 2019-03-17 18:53:59, 139.737472, 35.629924
23, 2019-03-17 18:54:03, 139.73744, 35.629112
99, 2019-03-17 18:54:07, 139.737504, 35.63096
23, 2019-03-17 18:54:11, 139.737472, 35.630356
99, 2019-03-17 18:54:15, 139.737456, 35.630988
23, 2019-03-17 18:54:19, 139.737456, 35.630964
99, 2019-03-17 18:54:23, 139.737424, 35.631012
23, 2019-03-17 18:54:27, 139.737456, 35.630956
99, 2019-03-17 18:54:31, 139.737424, 35.631116
23, 2019-03-17 18:54:35, 139.737472, 35.630956
99, 2019-03-17 18:54:39, 139.737616, 35.632256
23, 2019-03-17 18:54:43, 139.73752, 35.631284
99, 2019-03-17 18:54:47, 139.737856, 35.633332
23, 2019-03-17 18:54:51, 139.737664, 35.632536
99, 2019-03-17 18:54:55, 139.737968, 35.633768
23, 2019-03-17 18:54:59, 139.73792, 35.633532
99, 2019-03-17 18:55:03, 139.737984, 35.633748
23, 2019-03-17 18:55:07, 139.737968, 35.633768
99, 2019-03-17 18:55:11, 139.737984, 35.63372
23, 2019-03-17 18:55:15, 139.737968, 35.633768
99, 2019-03-17 18:55:19, 139.73816, 35.63432
23, 2019-03-17 18:55:23, 139.737984, 35.633768
99, 2019-03-17 18:55:27, 139.738768, 35.636104
23, 2019-03-17 18:55:31, 139.73832, 35.634812
99, 2019-03-17 18:55:35, 139.739376, 35.637696
23, 2019-03-17 18:55:39, 139.738928, 35.636528
99, 2019-03-17 18:55:43, 139.740496, 35.639676
23, 2019-03-17 18:55:47, 139.73968, 35.63822
99, 2019-03-17 18:55:51, 139.741344, 35.641352
23, 2019-03-17 18:55:55, 139.74072, 35.640104
99, 2019-03-17 18:55:59, 139.742416, 35.643252
23, 2019-03-17 18:56:03, 139.741552, 35.641924
99, 2019-03-17 18:56:07, 139.743536, 35.644648
23, 2019-03-17 18:56:11, 139.742592, 35.643676
99, 2019-03-17 18:56:15, 139.743968, 35.645052
23, 2019-03-17 18:56:19, 139.743808, 35.644932
99, 2019-03-17 18:56:23, 139.743952, 35.645068
23, 2019-03-17 18:56:27, 139.743968, 35.645012
99, 2019-03-17 18:56:31, 139.743936, 35.645056
23, 2019-03-17 18:56:35, 139.743968, 35.644996
99, 2019-03-17 18:56:39, 139.743952, 35.645052
23, 2019-03-17 18:56:43, 139.743952, 35.645008
99, 2019-03-17 18:56:47, 139.743968, 35.645052
23, 2019-03-17 18:56:51, 139.743968, 35.645004
99, 2019-03-17 18:56:55, 139.744112, 35.645176
23, 2019-03-17 18:56:59, 139.743968, 35.645008
99, 2019-03-17 18:57:03, 139.745344, 35.645964
23, 2019-03-17 18:57:07, 139.744336, 35.645312
99, 2019-03-17 18:57:11, 139.746784, 35.64672
23, 2019-03-17 18:57:15, 139.745712, 35.646172
99, 2019-03-17 18:57:19, 139.748656, 35.647564
23, 2019-03-17 18:57:23, 139.747328, 35.646976
99, 2019-03-17 18:57:27, 139.75016, 35.64824
23, 2019-03-17 18:57:31, 139.749056, 35.647748
99, 2019-03-17 18:57:35, 139.752048, 35.648704
23, 2019-03-17 18:57:39, 139.750672, 35.648368
99, 2019-03-17 18:57:43, 139.752784, 35.648892
23, 2019-03-17 18:57:47, 139.752352, 35.64884
99, 2019-03-17 18:57:51, 139.752816, 35.648888
23, 2019-03-17 18:57:55, 139.752704, 35.648968
99, 2019-03-17 18:57:59, 139.752848, 35.64888
23, 2019-03-17 18:58:03, 139.75272, 35.64898
99, 2019-03-17 18:58:07, 139.752896, 35.648868
23, 2019-03-17 18:58:11, 139.752736, 35.648976
99, 2019-03-17 18:58:15, 139.752896, 35.648868
23, 2019-03-17 18:58:19, 139.752768, 35.648956
99, 2019-03-17 18:58:23, 139.752912, 35.648872
23, 2019-03-17 18:58:27, 139.752784, 35.648944
99, 2019-03-17 18:58:31, 139.753024, 35.648936
23, 2019-03-17 18:58:35, 139.752784, 35.648932
99, 2019-03-17 18:58:39, 139.753648, 35.65018
23, 2019-03-17 18:58:43, 139.753072, 35.649228
99, 2019-03-17 18:58:47, 139.753952, 35.65146
23, 2019-03-17 18:58:51, 139.753584, 35.65056
99, 2019-03-17 18:58:55, 139.754112, 35.652208
23, 2019-03-17 18:58:59, 139.753872, 35.65176
99, 2019-03-17 18:59:03, 139.754112, 35.65238
23, 2019-03-17 18:59:07, 139.754, 35.652324
99, 2019-03-17 18:59:11, 139.754112, 35.652376
23, 2019-03-17 18:59:15, 139.754016, 35.65242
99, 2019-03-17 18:59:19, 139.754144, 35.652352
23, 2019-03-17 18:59:23, 139.754096, 35.6524
99, 2019-03-17 18:59:27, 139.75416, 35.652372
23, 2019-03-17 18:59:31, 139.754112, 35.652392
99, 2019-03-17 18:59:35, 139.754144, 35.652848
23, 2019-03-17 18:59:39, 139.754128, 35.652408
99, 2019-03-17 18:59:43, 139.754304, 35.65386
23, 2019-03-17 18:59:47, 139.754272, 35.653072
99, 2019-03-17 18:59:51, 139.754448, 35.654988
23, 2019-03-17 18:59:55, 139.754448, 35.654144
99, 2019-03-17 18:59:59, 139.754448, 35.655896
23, 2019-03-17 19:00:03, 139.754592, 35.655256
99, 2019-03-17 19:00:07, 139.754608, 35.656704
23, 2019-03-17 19:00:11, 139.754672, 35.656016
99, 2019-03-17 19:00:15, 139.754768, 35.65782
23, 2019-03-17 19:00:19, 139.754768, 35.656964
99, 2019-03-17 19:00:23, 139.754976, 35.658908
23, 2019-03-17 19:00:27, 139.754896, 35.658044
99, 2019-03-17 19:00:31, 139.755184, 35.660276
23, 2019-03-17 19:00:35, 139.755136, 35.659268
99, 2019-03-17 19:00:39, 139.755968, 35.661176
23, 2019-03-17 19:00:43, 139.755456, 35.66046
99, 2019-03-17 19:00:47, 139.756912, 35.66222
23, 2019-03-17 19:00:51, 139.756288, 35.66142
99, 2019-03-17 19:00:55, 139.757616, 35.662992
23, 2019-03-17 19:00:59, 139.757168, 35.662468
99, 2019-03-17 19:01:03, 139.757696, 35.663088
23, 2019-03-17 19:01:07, 139.757728, 35.66308
99, 2019-03-17 19:01:11, 139.75768, 35.663108
23, 2019-03-17 19:01:15, 139.757744, 35.6631
99, 2019-03-17 19:01:19, 139.757696, 35.66312
23, 2019-03-17 19:01:23, 139.757744, 35.663108
99, 2019-03-17 19:01:27, 139.757696, 35.663152
23, 2019-03-17 19:01:31, 139.757728, 35.663124
99, 2019-03-17 19:01:35, 139.757712, 35.66316
23, 2019-03-17 19:01:39, 139.757712, 35.66314
99, 2019-03-17 19:01:43, 139.757712, 35.66316
23, 2019-03-17 19:01:47, 139.757696, 35.663152
99, 2019-03-17 19:01:51, 139.757744, 35.663208
23, 2019-03-17 19:01:55, 139.757696, 35.663164
99, 2019-03-17 19:01:59, 139.758208, 35.663744
23, 2019-03-17 19:02:03, 139.757792, 35.663316
99, 2019-03-17 19:02:07, 139.759216, 35.665
23, 2019-03-17 19:02:11, 139.758432, 35.664092
99, 2019-03-17 19:02:15, 139.760288, 35.66614
23, 2019-03-17 19:02:19, 139.759456, 35.665392
99, 2019-03-17 19:02:23, 139.761312, 35.667276
23, 2019-03-17 19:02:27, 139.760592, 35.666576
99, 2019-03-17 19:02:31, 139.76216, 35.66818
23, 2019-03-17 19:02:35, 139.761584, 35.667624
99, 2019-03-17 19:02:39, 139.762336, 35.66822
23, 2019-03-17 19:02:43, 139.762336, 35.668192
99, 2019-03-17 19:02:47, 139.762368, 35.668256
23, 2019-03-17 19:02:51, 139.76232, 35.668236
99, 2019-03-17 19:02:55, 139.762464, 35.668432
23, 2019-03-17 19:02:59, 139.762336, 35.66834
99, 2019-03-17 19:03:03, 139.763152, 35.669124
23, 2019-03-17 19:03:07, 139.76256, 35.668632
99, 2019-03-17 19:03:11, 139.76304, 35.669372
23, 2019-03-17 19:03:15, 139.763248, 35.669228
99, 2019-03-17 19:03:19, 139.76256, 35.669756
23, 2019-03-17 19:03:23, 139.762944, 35.669524
99, 2019-03-17 19:03:27, 139.761984, 35.670248
23, 2019-03-17 19:03:31, 139.76248, 35.669876
99, 2019-03-17 19:03:35, 139.76168, 35.670404
23, 2019-03-17 19:03:39, 139.761824, 35.670356
99, 2019-03-17 19:03:43, 139.761552, 35.670472
23, 2019-03-17 19:03:47, 139.761664, 35.670452
99, 2019-03-17 19:03:51, 139.761024, 35.670872
23, 2019-03-17 19:03:55, 139.761504, 35.670548
99, 2019-03-17 19:03:59, 139.760528, 35.671252
23, 2019-03-17 19:04:03, 139.760784, 35.671024
99, 2019-03-17 19:04:07, 139.760464, 35.671356
23, 2019-03-17 19:04:11, 139.76048, 35.671152
99, 2019-03-17 19:04:15, 139.760576, 35.671624
23, 2019-03-17 19:04:19, 139.76048, 35.6714
99, 2019-03-17 19:04:23, 139.760624, 35.671788
23, 2019-03-17 19:04:27, 139.760576, 35.67164
99, 2019-03-17 19:04:31, 139.760528, 35.671896
23, 2019-03-17 19:04:35, 139.76064, 35.671788
99, 2019-03-17 19:04:39, 139.759792, 35.672212
23, 2019-03-17 19:04:43, 139.7604, 35.671952
99, 2019-03-17 19:04:47, 139.758672, 35.67262
23, 2019-03-17 19:04:51, 139.759424, 35.672296
99, 2019-03-17 19:04:55, 139.758128, 35.672868
23, 2019-03-17 19:04:59, 139.758352, 35.672708
99, 2019-03-17 19:05:03, 139.758048, 35.672916
23, 2019-03-17 19:05:07, 139.758032, 35.672872
99, 2019-03-17 19:05:11, 139.758, 35.672944
23, 2019-03-17 19:05:15, 139.757984, 35.672916
99, 2019-03-17 19:05:19, 139.757936, 35.672956
23, 2019-03-17 19:05:23, 139.757952, 35.672944
99, 2019-03-17 19:05:27, 139.757776, 35.673364
23, 2019-03-17 19:05:31, 139.75784, 35.67298
99, 2019-03-17 19:05:35, 139.758672, 35.674252
23, 2019-03-17 19:05:39, 139.758032, 35.673604
99, 2019-03-17 19:05:43, 139.759088, 35.674652
23, 2019-03-17 19:05:47, 139.758832, 35.674384
99, 2019-03-17 19:05:51, 139.759456, 35.675004
23, 2019-03-17 19:05:55, 139.759184, 35.674684
99, 2019-03-17 19:05:59, 139.760064, 35.676104
23, 2019-03-17 19:06:03, 139.759648, 35.67516
99, 2019-03-17 19:06:07, 139.76064, 35.677772
23, 2019-03-17 19:06:11, 139.76024, 35.676532
99, 2019-03-17 19:06:15, 139.760784, 35.678312
23, 2019-03-17 19:06:19, 139.760736, 35.678048
99, 2019-03-17 19:06:23, 139.760784, 35.67832
23, 2019-03-17 19:06:27, 139.7608, 35.678256
99, 2019-03-17 19:06:31, 139.760784, 35.678332
23, 2019-03-17 19:06:35, 139.7608, 35.67828
99, 2019-03-17 19:06:39, 139.760784, 35.67836
23, 2019-03-17 19:06:43, 139.7608, 35.678296
99, 2019-03-17 19:06:47, 139.760784, 35.678472
23, 2019-03-17 19:06:51, 139.7608, 35.6783
99, 2019-03-17 19:06:55, 139.760768, 35.678564
23, 2019-03-17 19:06:59, 139.7608, 35.678312
99, 2019-03-17 19:07:03, 139.760496, 35.678744
23, 2019-03-17 19:07:07, 139.760816, 35.6784
99, 2019-03-17 19:07:11, 139.759136, 35.679016
23, 2019-03-17 19:07:15, 139.76016, 35.678664
99, 2019-03-17 19:07:19, 139.758288, 35.679284
23, 2019-03-17 19:07:23, 139.758864, 35.679032
99, 2019-03-17 19:07:27, 139.758064, 35.679352
23, 2019-03-17 19:07:31, 139.758144, 35.679272
99, 2019-03-17 19:07:35, 139.757616, 35.679348
23, 2019-03-17 19:07:39, 139.758, 35.679324
99, 2019-03-17 19:07:43, 139.756848, 35.678164
23, 2019-03-17 19:07:47, 139.757408, 35.679064
99, 2019-03-17 19:07:51, 139.75616, 35.677184
23, 2019-03-17 19:07:55, 139.75664, 35.677872
99, 2019-03-17 19:07:59, 139.756048, 35.677
23, 2019-03-17 19:08:03, 139.75608, 35.677028
99, 2019-03-17 19:08:07, 139.755968, 35.676896
23, 2019-03-17 19:08:11, 139.756064, 35.677
99, 2019-03-17 19:08:15, 139.75496, 35.677092
23, 2019-03-17 19:08:19, 139.755792, 35.676784
99, 2019-03-17 19:08:23, 139.753392, 35.677704
23, 2019-03-17 19:08:27, 139.75456, 35.67726
99, 2019-03-17 19:08:31, 139.751392, 35.677252
23, 2019-03-17 19:08:35, 139.752816, 35.677672
99, 2019-03-17 19:08:39, 139.749552, 35.677164
23, 2019-03-17 19:08:43, 139.750928, 35.677156
99, 2019-03-17 19:08:47, 139.748112, 35.678552
23, 2019-03-17 19:08:51, 139.749104, 35.67742
99, 2019-03-17 19:08:55, 139.746864, 35.679484
23, 2019-03-17 19:08:59, 139.747808, 35.678852
99, 2019-03-17 19:09:03, 139.746256, 35.679664
23, 2019-03-17 19:09:07, 139.746496, 35.679588
99, 2019-03-17 19:09:11, 139.746256, 35.67966
23, 2019-03-17 19:09:15, 139.74624, 35.679664
99, 2019-03-17 19:09:19, 139.746256, 35.679664
23, 2019-03-17 19:09:23, 139.74624, 35.679664
99, 2019-03-17 19:09:27, 139.74624, 35.679664
23, 2019-03-17 19:09:31, 139.74624, 35.679664
99, 2019-03-17 19:09:35, 139.74624, 35.679664
23, 2019-03-17 19:09:39, 139.74624, 35.679664
99, 2019-03-17 19:09:43, 139.746, 35.679744
23, 2019-03-17 19:09:47, 139.74624, 35.679664
99, 2019-03-17 19:09:51, 139.745024, 35.6811
23, 2019-03-17 19:09:55, 139.745712, 35.679964
99, 2019-03-17 19:09:59, 139.74424, 35.6826
23, 2019-03-17 19:10:03, 139.744816, 35.681472
99, 2019-03-17 19:10:07, 139.744096, 35.683724
23, 2019-03-17 19:10:11, 139.744144, 35.683036
99, 2019-03-17 19:10:15, 139.744112, 35.683768
23, 2019-03-17 19:10:19, 139.744128, 35.683748
99, 2019-03-17 19:10:23, 139.74424, 35.68442
23, 2019-03-17 19:10:27, 139.744144, 35.683744
99, 2019-03-17 19:10:31, 139.744592, 35.686092
23, 2019-03-17 19:10:35, 139.74432, 35.684784
99, 2019-03-17 19:10:39, 139.745088, 35.687892
23, 2019-03-17 19:10:43, 139.744784, 35.686652
99, 2019-03-17 19:10:47, 139.745856, 35.688068
23, 2019-03-17 19:10:51, 139.745184, 35.688064
99, 2019-03-17 19:10:55, 139.747568, 35.688088
23, 2019-03-17 19:10:59, 139.746336, 35.687996
99, 2019-03-17 19:11:03, 139.749152, 35.68846
23, 2019-03-17 19:11:07, 139.747984, 35.688132
99, 2019-03-17 19:11:11, 139.750896, 35.689392
23, 2019-03-17 19:11:15, 139.74968, 35.688708
99, 2019-03-17 19:11:19, 139.752432, 35.689496
23, 2019-03-17 19:11:23, 139.751296, 35.689576
99, 2019-03-17 19:11:27, 139.754096, 35.689868
23, 2019-03-17 19:11:31, 139.752928, 35.689404
99, 2019-03-17 19:11:35, 139.7556, 35.690452
23, 2019-03-17 19:11:39, 139.754448, 35.690048
99, 2019-03-17 19:11:43, 139.757424, 35.690648
23, 2019-03-17 19:11:47, 139.756128, 35.69066
99, 2019-03-17 19:11:51, 139.758656, 35.690524
23, 2019-03-17 19:11:55, 139.757792, 35.690612
99, 2019-03-17 19:11:59, 139.75888, 35.691448
23, 2019-03-17 19:12:03, 139.758784, 35.690664
99, 2019-03-17 19:12:07, 139.758752, 35.692604
23, 2019-03-17 19:12:11, 139.758928, 35.691844
99, 2019-03-17 19:12:15, 139.758768, 35.692652
23, 2019-03-17 19:12:19, 139.758784, 35.69266
99, 2019-03-17 19:12:23, 139.758768, 35.692668
23, 2019-03-17 19:12:27, 139.758768, 35.69266
99, 2019-03-17 19:12:31, 139.758784, 35.692688
23, 2019-03-17 19:12:35, 139.758752, 35.692664
99, 2019-03-17 19:12:39, 139.758768, 35.6927
23, 2019-03-17 19:12:43, 139.758768, 35.692664
99, 2019-03-17 19:12:47, 139.758768, 35.69274
23, 2019-03-17 19:12:51, 139.758752, 35.692664
99, 2019-03-17 19:12:55, 139.758576, 35.693704
23, 2019-03-17 19:12:59, 139.75872, 35.69286
99, 2019-03-17 19:13:03, 139.75816, 35.695448
23, 2019-03-17 19:13:07, 139.758448, 35.69416
99, 2019-03-17 19:13:11, 139.75776, 35.696752
23, 2019-03-17 19:13:15, 139.758096, 35.695768
99, 2019-03-17 19:13:19, 139.756832, 35.698408
23, 2019-03-17 19:13:23, 139.757488, 35.697188
99, 2019-03-17 19:13:27, 139.756112, 35.69966
23, 2019-03-17 19:13:31, 139.756592, 35.698756
99, 2019-03-17 19:13:35, 139.756096, 35.699668
23, 2019-03-17 19:13:39, 139.756048, 35.69966
99, 2019-03-17 19:13:43, 139.75608, 35.699664
23, 2019-03-17 19:13:47, 139.756064, 35.699688
99, 2019-03-17 19:13:51, 139.75608, 35.69968
23, 2019-03-17 19:13:55, 139.75608, 35.6997
99, 2019-03-17 19:13:59, 139.756096, 35.699672
23, 2019-03-17 19:14:03, 139.75608, 35.699724
99, 2019-03-17 19:14:07, 139.756032, 35.6998
23, 2019-03-17 19:14:11, 139.75608, 35.699736
99, 2019-03-17 19:14:15, 139.755632, 35.7006
23, 2019-03-17 19:14:19, 139.755952, 35.70002
99, 2019-03-17 19:14:23, 139.755536, 35.700788
23, 2019-03-17 19:14:27, 139.755536, 35.700764
99, 2019-03-17 19:14:31, 139.755536, 35.7008
23, 2019-03-17 19:14:35, 139.755536, 35.700832
99, 2019-03-17 19:14:39, 139.755344, 35.7012
23, 2019-03-17 19:14:43, 139.755536, 35.700848
99, 2019-03-17 19:14:47, 139.755232, 35.701952
23, 2019-03-17 19:14:51, 139.75528, 35.701472
99, 2019-03-17 19:14:55, 139.75512, 35.70322
23, 2019-03-17 19:14:59, 139.755376, 35.70228
99, 2019-03-17 19:15:03, 139.75472, 35.70462
23, 2019-03-17 19:15:07, 139.755027, 35.703588
