99, 2019-04-10 19:35:05, 139.647808, 35.191524
23, 2019-04-10 19:35:09, 139.647616, 35.191508
99, 2019-04-10 19:35:13, 139.647808, 35.1915
23, 2019-04-10 19:35:17, 139.6476, 35.191492
99, 2019-04-10 19:35:21, 139.647632, 35.191472
23, 2019-04-10 19:35:25, 139.647584, 35.191492
99, 2019-04-10 19:35:29, 139.6476, 35.19148
23, 2019-04-10 19:35:33, 139.6476, 35.191488
99, 2019-04-10 19:35:37, 139.647584, 35.191484
23, 2019-04-10 19:35:41, 139.647584, 35.191492
99, 2019-04-10 19:35:45, 139.647584, 35.191488
23, 2019-04-10 19:35:49, 139.647584, 35.191492
99, 2019-04-10 19:35:53, 139.647568, 35.191488
23, 2019-04-10 19:35:57, 139.6476, 35.191488
99, 2019-04-10 19:36:01, 139.647552, 35.191484
23, 2019-04-10 19:36:05, 139.6476, 35.191484
99, 2019-04-10 19:36:09, 139.647568, 35.19148
23, 2019-04-10 19:36:13, 139.6476, 35.19148
99, 2019-04-10 19:36:17, 139.647568, 35.191472
23, 2019-04-10 19:36:21, 139.647616, 35.191476
99, 2019-04-10 19:36:25, 139.647584, 35.191468
23, 2019-04-10 19:36:29, 139.6476, 35.191484
99, 2019-04-10 19:36:33, 139.647584, 35.19146
23, 2019-04-10 19:36:37, 139.647616, 35.191488
99, 2019-04-10 19:36:41, 139.647584, 35.19146
23, 2019-04-10 19:36:45, 139.647616, 35.191484
99, 2019-04-10 19:36:49, 139.647584, 35.19146
23, 2019-04-10 19:36:53, 139.6476, 35.191484
99, 2019-04-10 19:36:57, 139.6476, 35.19146
23, 2019-04-10 19:37:01, 139.647616, 35.191484
99, 2019-04-10 19:37:05, 139.6476, 35.191456
23, 2019-04-10 19:37:09, 139.647616, 35.191484
99, 2019-04-10 19:37:13, 139.647616, 35.191452
23, 2019-04-10 19:37:17, 139.647616, 35.191488
99, 2019-04-10 19:37:21, 139.6476, 35.191452
23, 2019-04-10 19:37:25, 139.647616, 35.191492
99, 2019-04-10 19:37:29, 139.6476, 35.191464
23, 2019-04-10 19:37:33, 139.647616, 35.191484
99, 2019-04-10 19:37:37, 139.647584, 35.191468
23, 2019-04-10 19:37:41, 139.647616, 35.191472
99, 2019-04-10 19:37:45, 139.647584, 35.191472
23, 2019-04-10 19:37:49, 139.647616, 35.191468
99, 2019-04-10 19:37:53, 139.647584, 35.191472
23, 2019-04-10 19:37:57, 139.647632, 35.191464
99, 2019-04-10 19:38:01, 139.647584, 35.191468
23, 2019-04-10 19:38:05, 139.647632, 35.19146
99, 2019-04-10 19:38:09, 139.647584, 35.191468
23, 2019-04-10 19:38:13, 139.647632, 35.191456
99, 2019-04-10 19:38:17, 139.647584, 35.19148
23, 2019-04-10 19:38:21, 139.647632, 35.191468
99, 2019-04-10 19:38:25, 139.647584, 35.191492
23, 2019-04-10 19:38:29, 139.647616, 35.191476
99, 2019-04-10 19:38:33, 139.647584, 35.191484
23, 2019-04-10 19:38:37, 139.6476, 35.191484
99, 2019-04-10 19:38:41, 139.647584, 35.191484
23, 2019-04-10 19:38:45, 139.6476, 35.191488
99, 2019-04-10 19:38:49, 139.6476, 35.191484
23, 2019-04-10 19:38:53, 139.647584, 35.191492
99, 2019-04-10 19:38:57, 139.647584, 35.191484
23, 2019-04-10 19:39:01, 139.647584, 35.1915
99, 2019-04-10 19:39:05, 139.647568, 35.191492
23, 2019-04-10 19:39:09, 139.647584, 35.191504
99, 2019-04-10 19:39:13, 139.647568, 35.191492
23, 2019-04-10 19:39:17, 139.6476, 35.1915
99, 2019-04-10 19:39:21, 139.647552, 35.191492
23, 2019-04-10 19:39:25, 139.6476, 35.191496
99, 2019-04-10 19:39:29, 139.647536, 35.19148
23, 2019-04-10 19:39:33, 139.6476, 35.191492
99, 2019-04-10 19:39:37, 139.647552, 35.191472
23, 2019-04-10 19:39:41, 139.647584, 35.191492
99, 2019-04-10 19:39:45, 139.647552, 35.191468
23, 2019-04-10 19:39:49, 139.647584, 35.191492
99, 2019-04-10 19:39:53, 139.647568, 35.191468
23, 2019-04-10 19:39:57, 139.6476, 35.191488
99, 2019-04-10 19:40:01, 139.647568, 35.191468
23, 2019-04-10 19:40:05, 139.6476, 35.191484
99, 2019-04-10 19:40:09, 139.647568, 35.191468
23, 2019-04-10 19:40:13, 139.6476, 35.191476
99, 2019-04-10 19:40:17, 139.647568, 35.19146
23, 2019-04-10 19:40:21, 139.6476, 35.19148
99, 2019-04-10 19:40:25, 139.647552, 35.19146
23, 2019-04-10 19:40:29, 139.6476, 35.191476
99, 2019-04-10 19:40:33, 139.647552, 35.191464
23, 2019-04-10 19:40:37, 139.647584, 35.191476
99, 2019-04-10 19:40:41, 139.647552, 35.191468
23, 2019-04-10 19:40:45, 139.647584, 35.19148
99, 2019-04-10 19:40:49, 139.647552, 35.191476
23, 2019-04-10 19:40:53, 139.647584, 35.191488
99, 2019-04-10 19:40:57, 139.647552, 35.191472
23, 2019-04-10 19:41:01, 139.647584, 35.191484
99, 2019-04-10 19:41:05, 139.647536, 35.191472
23, 2019-04-10 19:41:09, 139.647584, 35.191488
99, 2019-04-10 19:41:13, 139.647536, 35.191468
23, 2019-04-10 19:41:17, 139.647584, 35.191484
99, 2019-04-10 19:41:21, 139.647536, 35.191472
23, 2019-04-10 19:41:25, 139.647584, 35.191488
99, 2019-04-10 19:41:29, 139.647536, 35.191476
23, 2019-04-10 19:41:33, 139.647584, 35.191484
99, 2019-04-10 19:41:37, 139.647536, 35.19148
23, 2019-04-10 19:41:41, 139.647584, 35.19148
99, 2019-04-10 19:41:45, 139.647552, 35.191484
23, 2019-04-10 19:41:49, 139.647584, 35.191484
99, 2019-04-10 19:41:53, 139.647552, 35.19148
23, 2019-04-10 19:41:57, 139.6476, 35.19148
99, 2019-04-10 19:42:01, 139.647568, 35.191476
23, 2019-04-10 19:42:05, 139.6476, 35.19148
99, 2019-04-10 19:42:09, 139.647568, 35.191472
23, 2019-04-10 19:42:13, 139.6476, 35.191484
99, 2019-04-10 19:42:17, 139.647568, 35.191472
23, 2019-04-10 19:42:21, 139.647584, 35.191488
99, 2019-04-10 19:42:25, 139.647584, 35.191472
23, 2019-04-10 19:42:29, 139.647584, 35.191488
99, 2019-04-10 19:42:33, 139.647584, 35.191472
23, 2019-04-10 19:42:37, 139.647584, 35.191492
99, 2019-04-10 19:42:41, 139.647584, 35.191476
23, 2019-04-10 19:42:45, 139.647568, 35.191492
99, 2019-04-10 19:42:49, 139.647584, 35.191476
23, 2019-04-10 19:42:53, 139.647568, 35.191492
99, 2019-04-10 19:42:57, 139.647584, 35.191476
23, 2019-04-10 19:43:01, 139.647568, 35.191496
99, 2019-04-10 19:43:05, 139.6476, 35.191476
23, 2019-04-10 19:43:09, 139.647568, 35.191492
99, 2019-04-10 19:43:13, 139.6476, 35.191472
23, 2019-04-10 19:43:17, 139.647568, 35.191496
99, 2019-04-10 19:43:21, 139.6476, 35.191472
23, 2019-04-10 19:43:25, 139.647568, 35.191492
99, 2019-04-10 19:43:29, 139.6476, 35.191476
23, 2019-04-10 19:43:33, 139.647584, 35.191496
99, 2019-04-10 19:43:37, 139.647584, 35.191484
23, 2019-04-10 19:43:41, 139.647584, 35.191496
99, 2019-04-10 19:43:45, 139.647584, 35.191492
23, 2019-04-10 19:43:49, 139.647584, 35.1915
99, 2019-04-10 19:43:53, 139.647632, 35.191488
23, 2019-04-10 19:43:57, 139.6476, 35.191504
99, 2019-04-10 19:44:01, 139.647744, 35.191608
23, 2019-04-10 19:44:05, 139.647664, 35.191488
99, 2019-04-10 19:44:09, 139.647712, 35.192444
23, 2019-04-10 19:44:13, 139.647776, 35.191776
99, 2019-04-10 19:44:17, 139.648048, 35.19344
23, 2019-04-10 19:44:21, 139.647728, 35.192684
99, 2019-04-10 19:44:25, 139.648752, 35.194504
23, 2019-04-10 19:44:29, 139.648224, 35.193768
99, 2019-04-10 19:44:33, 139.649552, 35.195364
23, 2019-04-10 19:44:37, 139.648976, 35.194704
99, 2019-04-10 19:44:41, 139.650368, 35.196668
23, 2019-04-10 19:44:45, 139.649792, 35.195712
99, 2019-04-10 19:44:49, 139.651024, 35.197916
23, 2019-04-10 19:44:53, 139.650576, 35.196952
99, 2019-04-10 19:44:57, 139.651152, 35.199464
23, 2019-04-10 19:45:01, 139.651216, 35.198328
99, 2019-04-10 19:45:05, 139.65032, 35.20076
23, 2019-04-10 19:45:09, 139.651056, 35.199788
99, 2019-04-10 19:45:13, 139.64984, 35.20184
23, 2019-04-10 19:45:17, 139.650096, 35.201156
99, 2019-04-10 19:45:21, 139.649376, 35.202688
23, 2019-04-10 19:45:25, 139.649712, 35.201996
99, 2019-04-10 19:45:29, 139.648496, 35.203784
23, 2019-04-10 19:45:33, 139.649184, 35.203032
99, 2019-04-10 19:45:37, 139.648688, 35.204908
23, 2019-04-10 19:45:41, 139.648528, 35.204048
99, 2019-04-10 19:45:45, 139.648144, 35.206064
23, 2019-04-10 19:45:49, 139.648608, 35.20528
99, 2019-04-10 19:45:53, 139.647968, 35.206216
23, 2019-04-10 19:45:57, 139.648, 35.206168
99, 2019-04-10 19:46:01, 139.647744, 35.2064
23, 2019-04-10 19:46:05, 139.647952, 35.206208
99, 2019-04-10 19:46:09, 139.647424, 35.207152
23, 2019-04-10 19:46:13, 139.647648, 35.206508
99, 2019-04-10 19:46:17, 139.645776, 35.207424
23, 2019-04-10 19:46:21, 139.647104, 35.207428
99, 2019-04-10 19:46:25, 139.64456, 35.208136
23, 2019-04-10 19:46:29, 139.645408, 35.207452
99, 2019-04-10 19:46:33, 139.643936, 35.209576
23, 2019-04-10 19:46:37, 139.644288, 35.208504
99, 2019-04-10 19:46:41, 139.644528, 35.210752
23, 2019-04-10 19:46:45, 139.643984, 35.209908
99, 2019-04-10 19:46:49, 139.645696, 35.211812
23, 2019-04-10 19:46:53, 139.644848, 35.21104
99, 2019-04-10 19:46:57, 139.646768, 35.2126
23, 2019-04-10 19:47:01, 139.645968, 35.212012
99, 2019-04-10 19:47:05, 139.647664, 35.213732
23, 2019-04-10 19:47:09, 139.647104, 35.212852
99, 2019-04-10 19:47:13, 139.647984, 35.214888
23, 2019-04-10 19:47:17, 139.647808, 35.214
99, 2019-04-10 19:47:21, 139.646864, 35.215812
23, 2019-04-10 19:47:25, 139.647888, 35.215216
99, 2019-04-10 19:47:29, 139.645056, 35.216576
23, 2019-04-10 19:47:33, 139.646432, 35.21596
99, 2019-04-10 19:47:37, 139.643104, 35.217568
23, 2019-04-10 19:47:41, 139.644432, 35.216812
99, 2019-04-10 19:47:45, 139.642624, 35.217856
23, 2019-04-10 19:47:49, 139.642848, 35.217692
99, 2019-04-10 19:47:53, 139.642592, 35.217868
23, 2019-04-10 19:47:57, 139.642624, 35.217844
99, 2019-04-10 19:48:01, 139.64192, 35.218292
23, 2019-04-10 19:48:05, 139.642496, 35.217928
99, 2019-04-10 19:48:09, 139.640816, 35.219184
23, 2019-04-10 19:48:13, 139.6416, 35.218484
99, 2019-04-10 19:48:17, 139.640464, 35.22008
23, 2019-04-10 19:48:21, 139.640704, 35.219392
99, 2019-04-10 19:48:25, 139.640432, 35.220188
23, 2019-04-10 19:48:29, 139.640432, 35.220172
99, 2019-04-10 19:48:33, 139.640432, 35.220188
23, 2019-04-10 19:48:37, 139.640416, 35.220192
99, 2019-04-10 19:48:41, 139.640432, 35.220188
23, 2019-04-10 19:48:45, 139.6404, 35.2202
99, 2019-04-10 19:48:49, 139.640416, 35.220188
23, 2019-04-10 19:48:53, 139.6404, 35.220204
99, 2019-04-10 19:48:57, 139.640416, 35.22018
23, 2019-04-10 19:49:01, 139.640384, 35.2202
99, 2019-04-10 19:49:05, 139.640416, 35.220176
23, 2019-04-10 19:49:09, 139.640384, 35.220208
99, 2019-04-10 19:49:13, 139.6404, 35.220172
23, 2019-04-10 19:49:17, 139.640368, 35.220216
99, 2019-04-10 19:49:21, 139.640256, 35.22036
23, 2019-04-10 19:49:25, 139.640368, 35.22024
99, 2019-04-10 19:49:29, 139.63952, 35.220176
23, 2019-04-10 19:49:33, 139.640192, 35.220372
99, 2019-04-10 19:49:37, 139.638928, 35.22004
23, 2019-04-10 19:49:41, 139.63928, 35.22014
99, 2019-04-10 19:49:45, 139.638704, 35.219984
23, 2019-04-10 19:49:49, 139.638912, 35.220052
99, 2019-04-10 19:49:53, 139.63832, 35.219892
23, 2019-04-10 19:49:57, 139.638656, 35.219984
99, 2019-04-10 19:50:01, 139.637232, 35.219624
23, 2019-04-10 19:50:05, 139.638048, 35.219836
99, 2019-04-10 19:50:09, 139.635968, 35.219368
23, 2019-04-10 19:50:13, 139.63696, 35.219564
99, 2019-04-10 19:50:17, 139.63456, 35.219404
23, 2019-04-10 19:50:21, 139.635552, 35.219352
99, 2019-04-10 19:50:25, 139.634272, 35.219416
23, 2019-04-10 19:50:29, 139.6344, 35.219416
99, 2019-04-10 19:50:33, 139.63424, 35.219436
23, 2019-04-10 19:50:37, 139.634304, 35.219412
99, 2019-04-10 19:50:41, 139.633968, 35.219456
23, 2019-04-10 19:50:45, 139.63424, 35.219412
99, 2019-04-10 19:50:49, 139.633584, 35.219164
23, 2019-04-10 19:50:53, 139.633888, 35.219448
99, 2019-04-10 19:50:57, 139.633504, 35.218304
23, 2019-04-10 19:51:01, 139.633584, 35.218952
99, 2019-04-10 19:51:05, 139.633408, 35.21746
23, 2019-04-10 19:51:09, 139.633488, 35.218044
99, 2019-04-10 19:51:13, 139.633312, 35.216452
23, 2019-04-10 19:51:17, 139.633392, 35.217216
99, 2019-04-10 19:51:21, 139.6332, 35.215264
23, 2019-04-10 19:51:25, 139.63328, 35.216156
99, 2019-04-10 19:51:29, 139.633072, 35.214224
23, 2019-04-10 19:51:33, 139.633168, 35.215028
99, 2019-04-10 19:51:37, 139.632928, 35.212932
23, 2019-04-10 19:51:41, 139.63304, 35.213884
99, 2019-04-10 19:51:45, 139.632832, 35.21198
23, 2019-04-10 19:51:49, 139.632912, 35.212692
99, 2019-04-10 19:51:53, 139.6328, 35.21154
23, 2019-04-10 19:51:57, 139.632816, 35.21176
99, 2019-04-10 19:52:01, 139.6328, 35.211532
23, 2019-04-10 19:52:05, 139.6328, 35.21156
99, 2019-04-10 19:52:09, 139.6328, 35.21152
23, 2019-04-10 19:52:13, 139.632784, 35.211548
99, 2019-04-10 19:52:17, 139.632768, 35.21132
23, 2019-04-10 19:52:21, 139.632784, 35.211524
99, 2019-04-10 19:52:25, 139.632976, 35.210764
23, 2019-04-10 19:52:29, 139.632768, 35.211092
99, 2019-04-10 19:52:33, 139.63416, 35.210904
23, 2019-04-10 19:52:37, 139.633216, 35.21076
99, 2019-04-10 19:52:41, 139.63576, 35.21176
23, 2019-04-10 19:52:45, 139.634608, 35.211088
99, 2019-04-10 19:52:49, 139.63696, 35.212864
23, 2019-04-10 19:52:53, 139.636112, 35.211984
99, 2019-04-10 19:52:57, 139.637184, 35.214644
23, 2019-04-10 19:53:01, 139.637088, 35.213348
99, 2019-04-10 19:53:05, 139.63736, 35.216528
23, 2019-04-10 19:53:09, 139.637216, 35.21508
99, 2019-04-10 19:53:13, 139.637232, 35.218856
23, 2019-04-10 19:53:17, 139.637392, 35.217184
99, 2019-04-10 19:53:21, 139.636928, 35.220844
23, 2019-04-10 19:53:25, 139.637168, 35.219352
99, 2019-04-10 19:53:29, 139.63688, 35.222992
23, 2019-04-10 19:53:33, 139.636848, 35.221472
99, 2019-04-10 19:53:37, 139.637248, 35.22456
23, 2019-04-10 19:53:41, 139.636864, 35.223384
99, 2019-04-10 19:53:45, 139.638224, 35.225976
23, 2019-04-10 19:53:49, 139.637536, 35.22504
99, 2019-04-10 19:53:53, 139.638464, 35.226232
23, 2019-04-10 19:53:57, 139.6384, 35.22612
99, 2019-04-10 19:54:01, 139.638528, 35.226276
23, 2019-04-10 19:54:05, 139.63848, 35.2262
99, 2019-04-10 19:54:09, 139.63944, 35.22684
23, 2019-04-10 19:54:13, 139.638656, 35.22636
99, 2019-04-10 19:54:17, 139.640656, 35.227448
23, 2019-04-10 19:54:21, 139.63976, 35.227032
99, 2019-04-10 19:54:25, 139.642384, 35.228176
23, 2019-04-10 19:54:29, 139.641024, 35.227608
99, 2019-04-10 19:54:33, 139.6444, 35.229608
23, 2019-04-10 19:54:37, 139.642992, 35.228536
99, 2019-04-10 19:54:41, 139.64608, 35.230792
23, 2019-04-10 19:54:45, 139.644816, 35.229924
99, 2019-04-10 19:54:49, 139.648064, 35.232108
23, 2019-04-10 19:54:53, 139.646624, 35.231172
99, 2019-04-10 19:54:57, 139.649648, 35.233452
23, 2019-04-10 19:55:01, 139.64848, 35.232416
99, 2019-04-10 19:55:05, 139.650816, 35.235444
23, 2019-04-10 19:55:09, 139.650032, 35.234008
99, 2019-04-10 19:55:13, 139.651856, 35.237356
23, 2019-04-10 19:55:17, 139.651056, 35.235888
99, 2019-04-10 19:55:21, 139.65464, 35.242504
23, 2019-04-10 19:55:25, 139.651056, 35.235888
99, 2019-04-10 19:55:29, 139.656352, 35.243608
23, 2019-04-10 19:55:33, 139.655072, 35.243016
99, 2019-04-10 19:55:37, 139.657888, 35.242576
23, 2019-04-10 19:55:41, 139.656768, 35.243404
99, 2019-04-10 19:55:45, 139.659552, 35.241976
23, 2019-04-10 19:55:49, 139.658432, 35.24224
99, 2019-04-10 19:55:53, 139.659872, 35.241908
23, 2019-04-10 19:55:57, 139.659664, 35.241944
99, 2019-04-10 19:56:01, 139.66096, 35.2413
23, 2019-04-10 19:56:05, 139.660128, 35.241848
99, 2019-04-10 19:56:09, 139.660448, 35.239984
23, 2019-04-10 19:56:13, 139.661008, 35.24098
99, 2019-04-10 19:56:17, 139.659136, 35.240484
23, 2019-04-10 19:56:21, 139.65992, 35.239788
99, 2019-04-10 19:56:25, 139.65792, 35.241492
23, 2019-04-10 19:56:29, 139.658928, 35.240788
99, 2019-04-10 19:56:33, 139.655808, 35.2426
23, 2019-04-10 19:56:37, 139.657312, 35.241804
99, 2019-04-10 19:56:41, 139.653904, 35.243608
23, 2019-04-10 19:56:45, 139.655328, 35.242856
99, 2019-04-10 19:56:49, 139.651664, 35.244784
23, 2019-04-10 19:56:53, 139.653264, 35.243944
99, 2019-04-10 19:56:57, 139.649712, 35.245812
23, 2019-04-10 19:57:01, 139.651168, 35.245048
99, 2019-04-10 19:57:05, 139.647408, 35.247076
23, 2019-04-10 19:57:09, 139.649072, 35.24616
99, 2019-04-10 19:57:13, 139.645376, 35.248452
23, 2019-04-10 19:57:17, 139.646896, 35.24738
99, 2019-04-10 19:57:21, 139.642976, 35.2504
23, 2019-04-10 19:57:25, 139.644672, 35.248968
99, 2019-04-10 19:57:29, 139.640896, 35.252124
23, 2019-04-10 19:57:33, 139.642464, 35.25082
99, 2019-04-10 19:57:37, 139.63856, 35.254072
23, 2019-04-10 19:57:41, 139.640208, 35.252688
99, 2019-04-10 19:57:45, 139.636832, 35.255656
23, 2019-04-10 19:57:49, 139.638096, 35.254472
99, 2019-04-10 19:57:53, 139.635248, 35.257428
23, 2019-04-10 19:57:57, 139.636336, 35.256164
99, 2019-04-10 19:58:01, 139.634112, 35.259092
23, 2019-04-10 19:58:05, 139.634944, 35.257828
99, 2019-04-10 19:58:09, 139.632976, 35.261296
23, 2019-04-10 19:58:13, 139.633744, 35.259688
99, 2019-04-10 19:58:17, 139.632352, 35.263312
23, 2019-04-10 19:58:21, 139.632784, 35.261768
99, 2019-04-10 19:58:25, 139.632192, 35.26554
23, 2019-04-10 19:58:29, 139.63224, 35.26396
99, 2019-04-10 19:58:33, 139.632464, 35.267252
23, 2019-04-10 19:58:37, 139.632224, 35.26598
99, 2019-04-10 19:58:41, 139.6332, 35.26914
23, 2019-04-10 19:58:45, 139.63264, 35.267792
99, 2019-04-10 19:58:49, 139.633984, 35.270784
23, 2019-04-10 19:58:53, 139.633408, 35.269528
99, 2019-04-10 19:58:57, 139.634688, 35.27282
23, 2019-04-10 19:59:01, 139.634256, 35.27134
99, 2019-04-10 19:59:05, 139.634048, 35.27678
23, 2019-04-10 19:59:09, 139.634656, 35.275216
99, 2019-04-10 19:59:13, 139.630368, 35.280556
23, 2019-04-10 19:59:17, 139.632064, 35.279192
99, 2019-04-10 19:59:21, 139.627968, 35.281912
23, 2019-04-10 19:59:25, 139.629792, 35.28092
99, 2019-04-10 19:59:29, 139.625232, 35.283308
23, 2019-04-10 19:59:33, 139.62712, 35.282308
99, 2019-04-10 19:59:37, 139.591344, 35.335704
23, 2019-04-10 19:59:41, 139.591936, 35.334152
99, 2019-04-10 19:59:45, 139.590752, 35.337544
23, 2019-04-10 19:59:49, 139.591168, 35.336156
99, 2019-04-10 19:59:53, 139.590576, 35.339932
23, 2019-04-10 19:59:57, 139.590592, 35.338184
99, 2019-04-10 20:00:01, 139.591072, 35.342136
23, 2019-04-10 20:00:05, 139.590592, 35.340472
99, 2019-04-10 20:00:09, 139.592192, 35.34444
23, 2019-04-10 20:00:13, 139.59136, 35.342824
99, 2019-04-10 20:00:17, 139.592896, 35.346392
23, 2019-04-10 20:00:21, 139.59248, 35.3449
99, 2019-04-10 20:00:25, 139.592896, 35.34868
23, 2019-04-10 20:00:29, 139.592928, 35.34704
99, 2019-04-10 20:00:33, 139.59328, 35.350664
23, 2019-04-10 20:00:37, 139.592912, 35.349164
99, 2019-04-10 20:00:41, 139.594208, 35.352012
23, 2019-04-10 20:00:45, 139.59368, 35.351248
99, 2019-04-10 20:00:49, 139.597584, 35.353148
23, 2019-04-10 20:00:53, 139.595696, 35.352844
99, 2019-04-10 20:00:57, 139.600048, 35.35408
23, 2019-04-10 20:01:01, 139.598368, 35.353336
99, 2019-04-10 20:01:05, 139.601856, 35.354988
23, 2019-04-10 20:01:09, 139.600464, 35.354312
99, 2019-04-10 20:01:13, 139.603296, 35.35574
23, 2019-04-10 20:01:17, 139.602384, 35.355288
99, 2019-04-10 20:01:21, 139.603584, 35.355824
23, 2019-04-10 20:01:25, 139.60344, 35.355776
99, 2019-04-10 20:01:29, 139.603632, 35.355864
23, 2019-04-10 20:01:33, 139.603584, 35.355856
99, 2019-04-10 20:01:37, 139.603728, 35.355872
23, 2019-04-10 20:01:41, 139.603664, 35.35586
99, 2019-04-10 20:01:45, 139.603888, 35.355888
23, 2019-04-10 20:01:49, 139.603728, 35.355856
99, 2019-04-10 20:01:53, 139.60432, 35.356124
23, 2019-04-10 20:01:57, 139.60392, 35.355928
99, 2019-04-10 20:02:01, 139.604592, 35.356184
23, 2019-04-10 20:02:05, 139.604432, 35.356164
99, 2019-04-10 20:02:09, 139.604576, 35.356184
23, 2019-04-10 20:02:13, 139.604544, 35.35618
99, 2019-04-10 20:02:17, 139.604576, 35.356184
23, 2019-04-10 20:02:21, 139.604544, 35.356184
99, 2019-04-10 20:02:25, 139.60456, 35.356184
23, 2019-04-10 20:02:29, 139.604544, 35.356176
99, 2019-04-10 20:02:33, 139.60456, 35.356196
23, 2019-04-10 20:02:37, 139.604544, 35.356168
99, 2019-04-10 20:02:41, 139.60456, 35.356204
23, 2019-04-10 20:02:45, 139.604544, 35.356164
99, 2019-04-10 20:02:49, 139.60456, 35.356196
23, 2019-04-10 20:02:53, 139.604528, 35.356168
99, 2019-04-10 20:02:57, 139.60456, 35.356196
23, 2019-04-10 20:03:01, 139.604528, 35.356172
99, 2019-04-10 20:03:05, 139.604576, 35.356188
23, 2019-04-10 20:03:09, 139.604528, 35.356176
99, 2019-04-10 20:03:13, 139.604576, 35.356188
23, 2019-04-10 20:03:17, 139.604544, 35.356172
99, 2019-04-10 20:03:21, 139.60456, 35.356192
23, 2019-04-10 20:03:25, 139.60456, 35.356176
99, 2019-04-10 20:03:29, 139.60456, 35.356184
23, 2019-04-10 20:03:33, 139.604576, 35.356172
99, 2019-04-10 20:03:37, 139.60456, 35.356184
23, 2019-04-10 20:03:41, 139.604576, 35.356176
99, 2019-04-10 20:03:45, 139.60456, 35.356184
23, 2019-04-10 20:03:49, 139.604576, 35.35618
99, 2019-04-10 20:03:53, 139.604544, 35.35618
23, 2019-04-10 20:03:57, 139.604576, 35.35618
99, 2019-04-10 20:04:01, 139.604544, 35.356164
23, 2019-04-10 20:04:05, 139.60456, 35.356172
99, 2019-04-10 20:04:09, 139.60456, 35.356164
23, 2019-04-10 20:04:13, 139.60456, 35.356164
99, 2019-04-10 20:04:17, 139.60456, 35.356164
23, 2019-04-10 20:04:21, 139.604544, 35.356168
99, 2019-04-10 20:04:25, 139.60456, 35.356156
23, 2019-04-10 20:04:29, 139.604544, 35.356168
99, 2019-04-10 20:04:33, 139.604544, 35.356152
23, 2019-04-10 20:04:37, 139.604544, 35.356168
99, 2019-04-10 20:04:41, 139.604544, 35.356156
23, 2019-04-10 20:04:45, 139.604544, 35.356164
99, 2019-04-10 20:04:49, 139.60456, 35.356156
23, 2019-04-10 20:04:53, 139.60456, 35.356168
99, 2019-04-10 20:04:57, 139.604576, 35.356164
23, 2019-04-10 20:05:01, 139.60456, 35.356168
99, 2019-04-10 20:05:05, 139.604576, 35.356164
23, 2019-04-10 20:05:09, 139.60456, 35.356168
99, 2019-04-10 20:05:13, 139.604576, 35.356156
23, 2019-04-10 20:05:17, 139.60456, 35.356164
99, 2019-04-10 20:05:21, 139.604576, 35.35616
23, 2019-04-10 20:05:25, 139.60456, 35.356164
99, 2019-04-10 20:05:29, 139.604576, 35.356164
23, 2019-04-10 20:05:33, 139.60456, 35.356164
99, 2019-04-10 20:05:37, 139.604576, 35.356152
23, 2019-04-10 20:05:41, 139.60456, 35.356164
99, 2019-04-10 20:05:45, 139.604576, 35.356144
23, 2019-04-10 20:05:49, 139.60456, 35.356168
99, 2019-04-10 20:05:53, 139.604576, 35.356148
23, 2019-04-10 20:05:57, 139.604576, 35.356168
99, 2019-04-10 20:06:01, 139.604576, 35.356156
23, 2019-04-10 20:06:05, 139.60456, 35.356168
99, 2019-04-10 20:06:09, 139.604576, 35.356148
23, 2019-04-10 20:06:13, 139.60456, 35.356168
99, 2019-04-10 20:06:17, 139.604576, 35.356144
23, 2019-04-10 20:06:21, 139.60456, 35.356172
99, 2019-04-10 20:06:25, 139.604576, 35.356144
23, 2019-04-10 20:06:29, 139.60456, 35.356172
99, 2019-04-10 20:06:33, 139.604576, 35.356148
23, 2019-04-10 20:06:37, 139.604544, 35.356172
99, 2019-04-10 20:06:41, 139.604576, 35.356148
23, 2019-04-10 20:06:45, 139.60456, 35.356172
99, 2019-04-10 20:06:49, 139.604576, 35.356148
23, 2019-04-10 20:06:53, 139.60456, 35.356184
99, 2019-04-10 20:06:57, 139.604576, 35.356148
23, 2019-04-10 20:07:01, 139.60456, 35.356184
99, 2019-04-10 20:07:05, 139.604592, 35.356144
23, 2019-04-10 20:07:09, 139.604576, 35.356184
99, 2019-04-10 20:07:13, 139.605472, 35.356028
23, 2019-04-10 20:07:17, 139.604704, 35.356128
99, 2019-04-10 20:07:21, 139.60728, 35.356192
23, 2019-04-10 20:07:25, 139.60584, 35.356092
99, 2019-04-10 20:07:29, 139.610144, 35.356156
23, 2019-04-10 20:07:33, 139.608032, 35.356216
99, 2019-04-10 20:07:37, 139.611488, 35.35616
23, 2019-04-10 20:07:41, 139.610768, 35.35616
99, 2019-04-10 20:07:45, 139.616, 35.35602
23, 2019-04-10 20:07:49, 139.6136, 35.356964
99, 2019-04-10 20:07:53, 139.619296, 35.355932
23, 2019-04-10 20:07:57, 139.616928, 35.355976
99, 2019-04-10 20:08:01, 139.622368, 35.355832
23, 2019-04-10 20:08:05, 139.620064, 35.355888
99, 2019-04-10 20:08:09, 139.625888, 35.355884
23, 2019-04-10 20:08:13, 139.62336, 35.355796
99, 2019-04-10 20:08:17, 139.628464, 35.356912
23, 2019-04-10 20:08:21, 139.626576, 35.356048
99, 2019-04-10 20:08:25, 139.629552, 35.357708
23, 2019-04-10 20:08:29, 139.62912, 35.357356
99, 2019-04-10 20:08:33, 139.629552, 35.357708
23, 2019-04-10 20:08:37, 139.62912, 35.357356
99, 2019-04-10 20:08:41, 139.637552, 35.361152
23, 2019-04-10 20:08:45, 139.6352, 35.360928
99, 2019-04-10 20:08:49, 139.639376, 35.36126
23, 2019-04-10 20:08:53, 139.638176, 35.361196
99, 2019-04-10 20:08:57, 139.639376, 35.36126
23, 2019-04-10 20:09:01, 139.638176, 35.361196
99, 2019-04-10 20:09:05, 139.643312, 35.36536
23, 2019-04-10 20:09:09, 139.638176, 35.361196
99, 2019-04-10 20:09:13, 139.6432, 35.36768
23, 2019-04-10 20:09:17, 139.643216, 35.366012
99, 2019-04-10 20:09:21, 139.643152, 35.369804
23, 2019-04-10 20:09:25, 139.64312, 35.368236
99, 2019-04-10 20:09:29, 139.643104, 35.372316
23, 2019-04-10 20:09:33, 139.643104, 35.370524
99, 2019-04-10 20:09:37, 139.642992, 35.374396
23, 2019-04-10 20:09:41, 139.643024, 35.372872
99, 2019-04-10 20:09:45, 139.642352, 35.376596
23, 2019-04-10 20:09:49, 139.642864, 35.375068
99, 2019-04-10 20:09:53, 139.640816, 35.3782
23, 2019-04-10 20:09:57, 139.642032, 35.377052
99, 2019-04-10 20:10:01, 139.638272, 35.379256
23, 2019-04-10 20:10:05, 139.640128, 35.378604
99, 2019-04-10 20:10:09, 139.636384, 35.37966
23, 2019-04-10 20:10:13, 139.637744, 35.379384
99, 2019-04-10 20:10:17, 139.635328, 35.379824
23, 2019-04-10 20:10:21, 139.635888, 35.379716
99, 2019-04-10 20:10:25, 139.635216, 35.379864
23, 2019-04-10 20:10:29, 139.635248, 35.379828
99, 2019-04-10 20:10:33, 139.635184, 35.379876
23, 2019-04-10 20:10:37, 139.6352, 35.379844
99, 2019-04-10 20:10:41, 139.635152, 35.379872
23, 2019-04-10 20:10:45, 139.635168, 35.379868
99, 2019-04-10 20:10:49, 139.63512, 35.379852
23, 2019-04-10 20:10:53, 139.635152, 35.379884
99, 2019-04-10 20:10:57, 139.635088, 35.379844
23, 2019-04-10 20:11:01, 139.635136, 35.379892
99, 2019-04-10 20:11:05, 139.634832, 35.379924
23, 2019-04-10 20:11:09, 139.63512, 35.379904
99, 2019-04-10 20:11:13, 139.634624, 35.379992
23, 2019-04-10 20:11:17, 139.634768, 35.379976
99, 2019-04-10 20:11:21, 139.634624, 35.37998
23, 2019-04-10 20:11:25, 139.63464, 35.38
99, 2019-04-10 20:11:29, 139.634624, 35.379972
23, 2019-04-10 20:11:33, 139.634624, 35.380012
99, 2019-04-10 20:11:37, 139.63464, 35.379972
23, 2019-04-10 20:11:41, 139.634624, 35.380012
99, 2019-04-10 20:11:45, 139.63464, 35.379972
23, 2019-04-10 20:11:49, 139.63464, 35.380008
99, 2019-04-10 20:11:53, 139.63464, 35.379972
23, 2019-04-10 20:11:57, 139.634624, 35.38
99, 2019-04-10 20:12:01, 139.63464, 35.379968
23, 2019-04-10 20:12:05, 139.634624, 35.379996
99, 2019-04-10 20:12:09, 139.63464, 35.379968
23, 2019-04-10 20:12:13, 139.634624, 35.379984
99, 2019-04-10 20:12:17, 139.63464, 35.379968
23, 2019-04-10 20:12:21, 139.634608, 35.379984
99, 2019-04-10 20:12:25, 139.634624, 35.37996
23, 2019-04-10 20:12:29, 139.634608, 35.379984
99, 2019-04-10 20:12:33, 139.634624, 35.379948
23, 2019-04-10 20:12:37, 139.634608, 35.379972
99, 2019-04-10 20:12:41, 139.634624, 35.379952
23, 2019-04-10 20:12:45, 139.634608, 35.379964
99, 2019-04-10 20:12:49, 139.634608, 35.379948
23, 2019-04-10 20:12:53, 139.634608, 35.379964
99, 2019-04-10 20:12:57, 139.634608, 35.379952
23, 2019-04-10 20:13:01, 139.634608, 35.379972
99, 2019-04-10 20:13:05, 139.634608, 35.37996
23, 2019-04-10 20:13:09, 139.634608, 35.37998
99, 2019-04-10 20:13:13, 139.634608, 35.379964
23, 2019-04-10 20:13:17, 139.634608, 35.37998
99, 2019-04-10 20:13:21, 139.634608, 35.379968
23, 2019-04-10 20:13:25, 139.634608, 35.379984
99, 2019-04-10 20:13:29, 139.634608, 35.379968
23, 2019-04-10 20:13:33, 139.634592, 35.379992
99, 2019-04-10 20:13:37, 139.634608, 35.379972
23, 2019-04-10 20:13:41, 139.634608, 35.380012
99, 2019-04-10 20:13:45, 139.634608, 35.379972
23, 2019-04-10 20:13:49, 139.634592, 35.380016
99, 2019-04-10 20:13:53, 139.634608, 35.379968
23, 2019-04-10 20:13:57, 139.634592, 35.380008
99, 2019-04-10 20:14:01, 139.634624, 35.379968
23, 2019-04-10 20:14:05, 139.634592, 35.380004
99, 2019-04-10 20:14:09, 139.634624, 35.37998
23, 2019-04-10 20:14:13, 139.634592, 35.380004
99, 2019-04-10 20:14:17, 139.634608, 35.37998
23, 2019-04-10 20:14:21, 139.634592, 35.380012
99, 2019-04-10 20:14:25, 139.634608, 35.37998
23, 2019-04-10 20:14:29, 139.634592, 35.380012
99, 2019-04-10 20:14:33, 139.634624, 35.379972
23, 2019-04-10 20:14:37, 139.634592, 35.380016
99, 2019-04-10 20:14:41, 139.634624, 35.379968
23, 2019-04-10 20:14:45, 139.634592, 35.380016
99, 2019-04-10 20:14:49, 139.634624, 35.379972
23, 2019-04-10 20:14:53, 139.634576, 35.380016
99, 2019-04-10 20:14:57, 139.634624, 35.379976
23, 2019-04-10 20:15:01, 139.634576, 35.380024
99, 2019-04-10 20:15:05, 139.634624, 35.379976
23, 2019-04-10 20:15:09, 139.634576, 35.380024
99, 2019-04-10 20:15:13, 139.634624, 35.379976
23, 2019-04-10 20:15:17, 139.63456, 35.380028
99, 2019-04-10 20:15:21, 139.63416, 35.380172
23, 2019-04-10 20:15:25, 139.63456, 35.38004
99, 2019-04-10 20:15:29, 139.632912, 35.38044
23, 2019-04-10 20:15:33, 139.633888, 35.38028
99, 2019-04-10 20:15:37, 139.630656, 35.380928
23, 2019-04-10 20:15:41, 139.63232, 35.38058
99, 2019-04-10 20:15:45, 139.628432, 35.381628
23, 2019-04-10 20:15:49, 139.630112, 35.381096
99, 2019-04-10 20:15:53, 139.62584, 35.382732
23, 2019-04-10 20:15:57, 139.627648, 35.38192
99, 2019-04-10 20:16:01, 139.623792, 35.383856
23, 2019-04-10 20:16:05, 139.625296, 35.383
99, 2019-04-10 20:16:09, 139.621568, 35.38542
23, 2019-04-10 20:16:13, 139.623136, 35.384268
99, 2019-04-10 20:16:17, 139.619744, 35.387052
23, 2019-04-10 20:16:21, 139.621088, 35.385808
99, 2019-04-10 20:16:25, 139.61792, 35.389184
23, 2019-04-10 20:16:29, 139.619184, 35.387636
99, 2019-04-10 20:16:33, 139.616736, 35.39124
23, 2019-04-10 20:16:37, 139.617584, 35.389668
99, 2019-04-10 20:16:41, 139.616176, 35.39388
23, 2019-04-10 20:16:45, 139.616448, 35.391984
99, 2019-04-10 20:16:49, 139.616576, 35.396068
23, 2019-04-10 20:16:53, 139.616208, 35.394464
99, 2019-04-10 20:16:57, 139.617856, 35.398344
23, 2019-04-10 20:17:01, 139.616864, 35.396748
99, 2019-04-10 20:17:05, 139.619248, 35.400356
23, 2019-04-10 20:17:09, 139.618176, 35.39884
99, 2019-04-10 20:17:13, 139.620944, 35.402824
23, 2019-04-10 20:17:17, 139.619728, 35.40106
99, 2019-04-10 20:17:21, 139.622368, 35.404896
23, 2019-04-10 20:17:25, 139.621312, 35.403344
99, 2019-04-10 20:17:29, 139.624048, 35.40732
23, 2019-04-10 20:17:33, 139.622832, 35.405584
99, 2019-04-10 20:17:37, 139.625552, 35.409308
23, 2019-04-10 20:17:41, 139.624416, 35.407836
99, 2019-04-10 20:17:45, 139.627408, 35.41124
23, 2019-04-10 20:17:49, 139.626032, 35.409892
99, 2019-04-10 20:17:53, 139.629344, 35.412652
23, 2019-04-10 20:17:57, 139.627856, 35.411608
99, 2019-04-10 20:18:01, 139.63192, 35.414048
23, 2019-04-10 20:18:05, 139.630064, 35.413064
99, 2019-04-10 20:18:09, 139.634336, 35.415028
23, 2019-04-10 20:18:13, 139.632496, 35.414316
99, 2019-04-10 20:18:17, 139.637456, 35.415824
23, 2019-04-10 20:18:21, 139.635184, 35.415284
99, 2019-04-10 20:18:25, 139.640192, 35.416544
23, 2019-04-10 20:18:29, 139.638144, 35.415988
99, 2019-04-10 20:18:33, 139.643472, 35.417512
23, 2019-04-10 20:18:37, 139.641136, 35.416812
99, 2019-04-10 20:18:41, 139.646352, 35.418352
23, 2019-04-10 20:18:45, 139.644192, 35.417716
99, 2019-04-10 20:18:49, 139.649744, 35.418492
23, 2019-04-10 20:18:53, 139.647328, 35.418564
99, 2019-04-10 20:18:57, 139.652464, 35.417612
23, 2019-04-10 20:19:01, 139.650432, 35.418308
99, 2019-04-10 20:19:05, 139.65536, 35.41594
23, 2019-04-10 20:19:09, 139.653376, 35.417268
99, 2019-04-10 20:19:13, 139.657616, 35.414032
23, 2019-04-10 20:19:17, 139.655936, 35.415448
99, 2019-04-10 20:19:21, 139.660464, 35.412672
23, 2019-04-10 20:19:25, 139.658336, 35.413496
99, 2019-04-10 20:19:29, 139.6632, 35.412708
23, 2019-04-10 20:19:33, 139.661152, 35.412572
99, 2019-04-10 20:19:37, 139.666032, 35.413872
23, 2019-04-10 20:19:41, 139.664048, 35.412952
99, 2019-04-10 20:19:45, 139.66816, 35.415064
23, 2019-04-10 20:19:49, 139.666592, 35.414168
99, 2019-04-10 20:19:53, 139.67, 35.417036
23, 2019-04-10 20:19:57, 139.668784, 35.415516
99, 2019-04-10 20:20:01, 139.670512, 35.41932
23, 2019-04-10 20:20:05, 139.670224, 35.417576
99, 2019-04-10 20:20:09, 139.670656, 35.422116
23, 2019-04-10 20:20:13, 139.670544, 35.420124
99, 2019-04-10 20:20:17, 139.670784, 35.424456
23, 2019-04-10 20:20:21, 139.670672, 35.42272
99, 2019-04-10 20:20:25, 139.67112, 35.427156
23, 2019-04-10 20:20:29, 139.670816, 35.425264
99, 2019-04-10 20:20:33, 139.6712, 35.429428
23, 2019-04-10 20:20:37, 139.671168, 35.427748
99, 2019-04-10 20:20:41, 139.670576, 35.431772
23, 2019-04-10 20:20:45, 139.67104, 35.430164
99, 2019-04-10 20:20:49, 139.670032, 35.433664
23, 2019-04-10 20:20:53, 139.670448, 35.432244
99, 2019-04-10 20:20:57, 139.669136, 35.436028
23, 2019-04-10 20:21:01, 139.669824, 35.434328
99, 2019-04-10 20:21:05, 139.66808, 35.438084
23, 2019-04-10 20:21:09, 139.66888, 35.436552
99, 2019-04-10 20:21:13, 139.667232, 35.440288
23, 2019-04-10 20:21:17, 139.667776, 35.438744
99, 2019-04-10 20:21:21, 139.66704, 35.442084
23, 2019-04-10 20:21:25, 139.667168, 35.440744
99, 2019-04-10 20:21:29, 139.667408, 35.444252
23, 2019-04-10 20:21:33, 139.667088, 35.442704
99, 2019-04-10 20:21:37, 139.668208, 35.446048
23, 2019-04-10 20:21:41, 139.667552, 35.444712
99, 2019-04-10 20:21:45, 139.669424, 35.447916
23, 2019-04-10 20:21:49, 139.66856, 35.4466
99, 2019-04-10 20:21:53, 139.670448, 35.449432
23, 2019-04-10 20:21:57, 139.66968, 35.448292
99, 2019-04-10 20:22:01, 139.671616, 35.451212
23, 2019-04-10 20:22:05, 139.670768, 35.449932
99, 2019-04-10 20:22:09, 139.672688, 35.452816
23, 2019-04-10 20:22:13, 139.671872, 35.451616
99, 2019-04-10 20:22:17, 139.674048, 35.454844
23, 2019-04-10 20:22:21, 139.673056, 35.453376
99, 2019-04-10 20:22:25, 139.675312, 35.45676
23, 2019-04-10 20:22:29, 139.674336, 35.455316
99, 2019-04-10 20:22:33, 139.676832, 35.45906
23, 2019-04-10 20:22:37, 139.675728, 35.457412
99, 2019-04-10 20:22:41, 139.678256, 35.461052
23, 2019-04-10 20:22:45, 139.677168, 35.45956
99, 2019-04-10 20:22:49, 139.6804, 35.463152
23, 2019-04-10 20:22:53, 139.678784, 35.461656
99, 2019-04-10 20:22:57, 139.682784, 35.46474
23, 2019-04-10 20:23:01, 139.680976, 35.463568
99, 2019-04-10 20:23:05, 139.685808, 35.46618
23, 2019-04-10 20:23:09, 139.683632, 35.465184
99, 2019-04-10 20:23:13, 139.688336, 35.467296
23, 2019-04-10 20:23:17, 139.686448, 35.46646
99, 2019-04-10 20:23:21, 139.691184, 35.46856
23, 2019-04-10 20:23:25, 139.689152, 35.467664
99, 2019-04-10 20:23:29, 139.693568, 35.469632
23, 2019-04-10 20:23:33, 139.69176, 35.468828
99, 2019-04-10 20:23:37, 139.69616, 35.470772
23, 2019-04-10 20:23:41, 139.694336, 35.469972
99, 2019-04-10 20:23:45, 139.698208, 35.471676
23, 2019-04-10 20:23:49, 139.696624, 35.471004
99, 2019-04-10 20:23:53, 139.700816, 35.47284
23, 2019-04-10 20:23:57, 139.698848, 35.471992
99, 2019-04-10 20:24:01, 139.703456, 35.47402
23, 2019-04-10 20:24:05, 139.701392, 35.473116
99, 2019-04-10 20:24:09, 139.706784, 35.475492
23, 2019-04-10 20:24:13, 139.704352, 35.474432
99, 2019-04-10 20:24:17, 139.7096, 35.476732
23, 2019-04-10 20:24:21, 139.70744, 35.4758
99, 2019-04-10 20:24:25, 139.71304, 35.478292
23, 2019-04-10 20:24:29, 139.710512, 35.47716
99, 2019-04-10 20:24:33, 139.715904, 35.479556
23, 2019-04-10 20:24:37, 139.713744, 35.478628
99, 2019-04-10 20:24:41, 139.718912, 35.480884
23, 2019-04-10 20:24:45, 139.716752, 35.479948
99, 2019-04-10 20:24:49, 139.72152, 35.482024
23, 2019-04-10 20:24:53, 139.71952, 35.48116
99, 2019-04-10 20:24:57, 139.72416, 35.483196
23, 2019-04-10 20:25:01, 139.722336, 35.482392
99, 2019-04-10 20:25:05, 139.726272, 35.484124
23, 2019-04-10 20:25:09, 139.724656, 35.483424
99, 2019-04-10 20:25:13, 139.729008, 35.485312
23, 2019-04-10 20:25:17, 139.726976, 35.484448
99, 2019-04-10 20:25:21, 139.731568, 35.48642
23, 2019-04-10 20:25:25, 139.729584, 35.485588
99, 2019-04-10 20:25:29, 139.734448, 35.487672
23, 2019-04-10 20:25:33, 139.732352, 35.486788
99, 2019-04-10 20:25:37, 139.736832, 35.488712
23, 2019-04-10 20:25:41, 139.735008, 35.487936
99, 2019-04-10 20:25:45, 139.739584, 35.48992
23, 2019-04-10 20:25:49, 139.737552, 35.489052
99, 2019-04-10 20:25:53, 139.742032, 35.491016
23, 2019-04-10 20:25:57, 139.740128, 35.490188
99, 2019-04-10 20:26:01, 139.745056, 35.492348
23, 2019-04-10 20:26:05, 139.742832, 35.491388
99, 2019-04-10 20:26:09, 139.747616, 35.493488
23, 2019-04-10 20:26:13, 139.745664, 35.49264
99, 2019-04-10 20:26:17, 139.7504, 35.494724
23, 2019-04-10 20:26:21, 139.748384, 35.493852
99, 2019-04-10 20:26:25, 139.752736, 35.495756
23, 2019-04-10 20:26:29, 139.750944, 35.494976
99, 2019-04-10 20:26:33, 139.75416, 35.496424
23, 2019-04-10 20:26:37, 139.75344, 35.49608
99, 2019-04-10 20:26:41, 139.754176, 35.49642
23, 2019-04-10 20:26:45, 139.754144, 35.496428
99, 2019-04-10 20:26:49, 139.754176, 35.496416
23, 2019-04-10 20:26:53, 139.75416, 35.496424
99, 2019-04-10 20:26:57, 139.754848, 35.496692
23, 2019-04-10 20:27:01, 139.75416, 35.496432
99, 2019-04-10 20:27:05, 139.756928, 35.497612
23, 2019-04-10 20:27:09, 139.755376, 35.496932
99, 2019-04-10 20:27:13, 139.759072, 35.49856
23, 2019-04-10 20:27:17, 139.757408, 35.497836
99, 2019-04-10 20:27:21, 139.762048, 35.499864
23, 2019-04-10 20:27:25, 139.759872, 35.498924
99, 2019-04-10 20:27:29, 139.764656, 35.500992
23, 2019-04-10 20:27:33, 139.762688, 35.500144
99, 2019-04-10 20:27:37, 139.767616, 35.502304
23, 2019-04-10 20:27:41, 139.765504, 35.501384
99, 2019-04-10 20:27:45, 139.769712, 35.503264
23, 2019-04-10 20:27:49, 139.768208, 35.502592
99, 2019-04-10 20:27:53, 139.769712, 35.503264
23, 2019-04-10 20:27:57, 139.768208, 35.502592
99, 2019-04-10 20:28:01, 139.769712, 35.503264
23, 2019-04-10 20:28:05, 139.768208, 35.502592
99, 2019-04-10 20:28:09, 139.769712, 35.503264
23, 2019-04-10 20:28:13, 139.768208, 35.502592
99, 2019-04-10 20:28:17, 139.769712, 35.503264
23, 2019-04-10 20:28:21, 139.768208, 35.502592
99, 2019-04-10 20:28:25, 139.769712, 35.503264
23, 2019-04-10 20:28:29, 139.768208, 35.502592
99, 2019-04-10 20:28:33, 139.788784, 35.514552
23, 2019-04-10 20:28:37, 139.787344, 35.51332
99, 2019-04-10 20:28:41, 139.790208, 35.516296
23, 2019-04-10 20:28:45, 139.789184, 35.51496
99, 2019-04-10 20:28:49, 139.791072, 35.517576
23, 2019-04-10 20:28:53, 139.790672, 35.516912
99, 2019-04-10 20:28:57, 139.791072, 35.517576
23, 2019-04-10 20:29:01, 139.790672, 35.516912
99, 2019-04-10 20:29:05, 139.791072, 35.517576
23, 2019-04-10 20:29:09, 139.790672, 35.516912
99, 2019-04-10 20:29:13, 139.791072, 35.517576
23, 2019-04-10 20:29:17, 139.790672, 35.516912
99, 2019-04-10 20:29:21, 139.794976, 35.536312
23, 2019-04-10 20:29:25, 139.790672, 35.516912
99, 2019-04-10 20:29:29, 139.79408, 35.538684
23, 2019-04-10 20:29:33, 139.790672, 35.516912
99, 2019-04-10 20:29:37, 139.79248, 35.541212
23, 2019-04-10 20:29:41, 139.790672, 35.516912
99, 2019-04-10 20:29:45, 139.79056, 35.543896
23, 2019-04-10 20:29:49, 139.790672, 35.516912
99, 2019-04-10 20:29:53, 139.788672, 35.546592
23, 2019-04-10 20:29:57, 139.790672, 35.516912
99, 2019-04-10 20:30:01, 139.787392, 35.548408
23, 2019-04-10 20:30:05, 139.788336, 35.547036
99, 2019-04-10 20:30:09, 139.785792, 35.550612
23, 2019-04-10 20:30:13, 139.786928, 35.549032
99, 2019-04-10 20:30:17, 139.784384, 35.552628
23, 2019-04-10 20:30:21, 139.78544, 35.551108
99, 2019-04-10 20:30:25, 139.78264, 35.555068
23, 2019-04-10 20:30:29, 139.783872, 35.55332
99, 2019-04-10 20:30:33, 139.781072, 35.55706
23, 2019-04-10 20:30:37, 139.78224, 35.55558
99, 2019-04-10 20:30:41, 139.7788, 35.559068
23, 2019-04-10 20:30:45, 139.780464, 35.55766
99, 2019-04-10 20:30:49, 139.757744, 35.576336
23, 2019-04-10 20:30:53, 139.758192, 35.574948
99, 2019-04-10 20:30:57, 139.75568, 35.582904
23, 2019-04-10 20:31:01, 139.756224, 35.581316
99, 2019-04-10 20:31:05, 139.754896, 35.592184
23, 2019-04-10 20:31:09, 139.755056, 35.592208
99, 2019-04-10 20:31:13, 139.75504, 35.592224
23, 2019-04-10 20:31:17, 139.755056, 35.592212
99, 2019-04-10 20:31:21, 139.755024, 35.592224
23, 2019-04-10 20:31:25, 139.755056, 35.592216
99, 2019-04-10 20:31:29, 139.755024, 35.592224
23, 2019-04-10 20:31:33, 139.755056, 35.592216
99, 2019-04-10 20:31:37, 139.754992, 35.59222
23, 2019-04-10 20:31:41, 139.755056, 35.592212
99, 2019-04-10 20:31:45, 139.754976, 35.59222
23, 2019-04-10 20:31:49, 139.755056, 35.592212
99, 2019-04-10 20:31:53, 139.75496, 35.592224
23, 2019-04-10 20:31:57, 139.755056, 35.592208
99, 2019-04-10 20:32:01, 139.75496, 35.59222
23, 2019-04-10 20:32:05, 139.755056, 35.592212
99, 2019-04-10 20:32:09, 139.75496, 35.59222
23, 2019-04-10 20:32:13, 139.755056, 35.592212
99, 2019-04-10 20:32:17, 139.754976, 35.59222
23, 2019-04-10 20:32:21, 139.75504, 35.59222
99, 2019-04-10 20:32:25, 139.754976, 35.59222
23, 2019-04-10 20:32:29, 139.75504, 35.592224
99, 2019-04-10 20:32:33, 139.754976, 35.592212
23, 2019-04-10 20:32:37, 139.75504, 35.592228
99, 2019-04-10 20:32:41, 139.754992, 35.5922
23, 2019-04-10 20:32:45, 139.75504, 35.592232
99, 2019-04-10 20:32:49, 139.754992, 35.5922
23, 2019-04-10 20:32:53, 139.755024, 35.592232
99, 2019-04-10 20:32:57, 139.755008, 35.5922
23, 2019-04-10 20:33:01, 139.755024, 35.592232
99, 2019-04-10 20:33:05, 139.755008, 35.592192
23, 2019-04-10 20:33:09, 139.755024, 35.592236
99, 2019-04-10 20:33:13, 139.755024, 35.592192
23, 2019-04-10 20:33:17, 139.755008, 35.59224
99, 2019-04-10 20:33:21, 139.75504, 35.5922
23, 2019-04-10 20:33:25, 139.755008, 35.59224
99, 2019-04-10 20:33:29, 139.75504, 35.592208
23, 2019-04-10 20:33:33, 139.755024, 35.592228
99, 2019-04-10 20:33:37, 139.755056, 35.592212
23, 2019-04-10 20:33:41, 139.755024, 35.592228
99, 2019-04-10 20:33:45, 139.755056, 35.592208
23, 2019-04-10 20:33:49, 139.755024, 35.592228
99, 2019-04-10 20:33:53, 139.75504, 35.592204
23, 2019-04-10 20:33:57, 139.755008, 35.592232
99, 2019-04-10 20:34:01, 139.75504, 35.592208
23, 2019-04-10 20:34:05, 139.754992, 35.592232
99, 2019-04-10 20:34:09, 139.75504, 35.5922
23, 2019-04-10 20:34:13, 139.754992, 35.592228
99, 2019-04-10 20:34:17, 139.75504, 35.592196
23, 2019-04-10 20:34:21, 139.754992, 35.592232
99, 2019-04-10 20:34:25, 139.75504, 35.592192
23, 2019-04-10 20:34:29, 139.754992, 35.592232
99, 2019-04-10 20:34:33, 139.75504, 35.592192
23, 2019-04-10 20:34:37, 139.755008, 35.592232
99, 2019-04-10 20:34:41, 139.755024, 35.592196
23, 2019-04-10 20:34:45, 139.755008, 35.592224
99, 2019-04-10 20:34:49, 139.755024, 35.592196
23, 2019-04-10 20:34:53, 139.755024, 35.592212
99, 2019-04-10 20:34:57, 139.755024, 35.5922
23, 2019-04-10 20:35:01, 139.75504, 35.592204
99, 2019-04-10 20:35:05, 139.755008, 35.5922
23, 2019-04-10 20:35:09, 139.755056, 35.5922
99, 2019-04-10 20:35:13, 139.755024, 35.592196
23, 2019-04-10 20:35:17, 139.75504, 35.592208
99, 2019-04-10 20:35:21, 139.75504, 35.592192
23, 2019-04-10 20:35:25, 139.75504, 35.592212
99, 2019-04-10 20:35:29, 139.75504, 35.592192
23, 2019-04-10 20:35:33, 139.75504, 35.592212
99, 2019-04-10 20:35:37, 139.755056, 35.592192
23, 2019-04-10 20:35:41, 139.75504, 35.592216
99, 2019-04-10 20:35:45, 139.755056, 35.592192
23, 2019-04-10 20:35:49, 139.75504, 35.59222
99, 2019-04-10 20:35:53, 139.755056, 35.592188
23, 2019-04-10 20:35:57, 139.755024, 35.592224
99, 2019-04-10 20:36:01, 139.755056, 35.592188
23, 2019-04-10 20:36:05, 139.755008, 35.592228
99, 2019-04-10 20:36:09, 139.755056, 35.592184
23, 2019-04-10 20:36:13, 139.755008, 35.592228
99, 2019-04-10 20:36:17, 139.755072, 35.592184
23, 2019-04-10 20:36:21, 139.755008, 35.592232
99, 2019-04-10 20:36:25, 139.755072, 35.592184
23, 2019-04-10 20:36:29, 139.755008, 35.592236
99, 2019-04-10 20:36:33, 139.755056, 35.592188
23, 2019-04-10 20:36:37, 139.755008, 35.59224
99, 2019-04-10 20:36:41, 139.755056, 35.592192
23, 2019-04-10 20:36:45, 139.755008, 35.592236
99, 2019-04-10 20:36:49, 139.755104, 35.59228
23, 2019-04-10 20:36:53, 139.755008, 35.592236
99, 2019-04-10 20:36:57, 139.755072, 35.59296
23, 2019-04-10 20:37:01, 139.755072, 35.592436
99, 2019-04-10 20:37:05, 139.755104, 35.594364
23, 2019-04-10 20:37:09, 139.755008, 35.593284
99, 2019-04-10 20:37:13, 139.75512, 35.596032
23, 2019-04-10 20:37:17, 139.755104, 35.594724
99, 2019-04-10 20:37:21, 139.755168, 35.598184
23, 2019-04-10 20:37:25, 139.755152, 35.596636
99, 2019-04-10 20:37:29, 139.755104, 35.599476
23, 2019-04-10 20:37:33, 139.755152, 35.598608
99, 2019-04-10 20:37:37, 139.755072, 35.600632
23, 2019-04-10 20:37:41, 139.755056, 35.59974
99, 2019-04-10 20:37:45, 139.755168, 35.601784
23, 2019-04-10 20:37:49, 139.755104, 35.600904
99, 2019-04-10 20:37:53, 139.755104, 35.603904
23, 2019-04-10 20:37:57, 139.755152, 35.602312
99, 2019-04-10 20:38:01, 139.75488, 35.605552
23, 2019-04-10 20:38:05, 139.755104, 35.604408
99, 2019-04-10 20:38:09, 139.752976, 35.606612
23, 2019-04-10 20:38:13, 139.754512, 35.605936
99, 2019-04-10 20:38:17, 139.752672, 35.60828
23, 2019-04-10 20:38:21, 139.752656, 35.606972
99, 2019-04-10 20:38:25, 139.752784, 35.608928
23, 2019-04-10 20:38:29, 139.752784, 35.608928
99, 2019-04-10 20:38:33, 139.752784, 35.608928
23, 2019-04-10 20:38:37, 139.752784, 35.608928
99, 2019-04-10 20:38:41, 139.752784, 35.608928
23, 2019-04-10 20:38:45, 139.752784, 35.608928
99, 2019-04-10 20:38:49, 139.752784, 35.608928
23, 2019-04-10 20:38:53, 139.752784, 35.608928
99, 2019-04-10 20:38:57, 139.752784, 35.608928
23, 2019-04-10 20:39:01, 139.752784, 35.608928
99, 2019-04-10 20:39:05, 139.752784, 35.608928
23, 2019-04-10 20:39:09, 139.752784, 35.608928
99, 2019-04-10 20:39:13, 139.752784, 35.608928
23, 2019-04-10 20:39:17, 139.752784, 35.608928
99, 2019-04-10 20:39:21, 139.704976, 35.657672
23, 2019-04-10 20:39:25, 139.703344, 35.658144
99, 2019-04-10 20:39:29, 139.704976, 35.657672
23, 2019-04-10 20:39:33, 139.705344, 35.658292
99, 2019-04-10 20:39:37, 139.708912, 35.65832
23, 2019-04-10 20:39:41, 139.70736, 35.658376
99, 2019-04-10 20:39:45, 139.710352, 35.658468
23, 2019-04-10 20:39:49, 139.709616, 35.658488
99, 2019-04-10 20:39:53, 139.713456, 35.658804
23, 2019-04-10 20:39:57, 139.711808, 35.658704
99, 2019-04-10 20:40:01, 139.715216, 35.659012
23, 2019-04-10 20:40:05, 139.713904, 35.65892
99, 2019-04-10 20:40:09, 139.717088, 35.659216
23, 2019-04-10 20:40:13, 139.715712, 35.659104
99, 2019-04-10 20:40:17, 139.718784, 35.65938
23, 2019-04-10 20:40:21, 139.717472, 35.659272
99, 2019-04-10 20:40:25, 139.72096, 35.659552
23, 2019-04-10 20:40:29, 139.719312, 35.65944
99, 2019-04-10 20:40:33, 139.7228, 35.659688
23, 2019-04-10 20:40:37, 139.721424, 35.659592
99, 2019-04-10 20:40:41, 139.72472, 35.660116
23, 2019-04-10 20:40:45, 139.72328, 35.659792
99, 2019-04-10 20:40:49, 139.726496, 35.660744
23, 2019-04-10 20:40:53, 139.725136, 35.660264
99, 2019-04-10 20:40:57, 139.72856, 35.661552
23, 2019-04-10 20:41:01, 139.727088, 35.66094
99, 2019-04-10 20:41:05, 139.730288, 35.66246
23, 2019-04-10 20:41:09, 139.72896, 35.661768
99, 2019-04-10 20:41:13, 139.732512, 35.663408
23, 2019-04-10 20:41:17, 139.730928, 35.662692
99, 2019-04-10 20:41:21, 139.734368, 35.66432
23, 2019-04-10 20:41:25, 139.732944, 35.663648
99, 2019-04-10 20:41:29, 139.73656, 35.6654
23, 2019-04-10 20:41:33, 139.734976, 35.664684
99, 2019-04-10 20:41:37, 139.738112, 35.666456
23, 2019-04-10 20:41:41, 139.736928, 35.665696
99, 2019-04-10 20:41:45, 139.739504, 35.66796
23, 2019-04-10 20:41:49, 139.73864, 35.666848
99, 2019-04-10 20:41:53, 139.74104, 35.669316
23, 2019-04-10 20:41:57, 139.74, 35.668252
99, 2019-04-10 20:42:01, 139.742784, 35.670908
23, 2019-04-10 20:42:05, 139.741504, 35.669824
99, 2019-04-10 20:42:09, 139.744432, 35.67188
23, 2019-04-10 20:42:13, 139.74304, 35.6713
99, 2019-04-10 20:42:17, 139.745264, 35.672028
23, 2019-04-10 20:42:21, 139.745008, 35.672076
99, 2019-04-10 20:42:25, 139.745264, 35.672028
23, 2019-04-10 20:42:29, 139.745008, 35.672076
99, 2019-04-10 20:42:33, 139.745264, 35.672028
23, 2019-04-10 20:42:37, 139.745008, 35.672076
99, 2019-04-10 20:42:41, 139.748272, 35.678044
23, 2019-04-10 20:42:45, 139.745008, 35.672076
99, 2019-04-10 20:42:49, 139.747264, 35.679
23, 2019-04-10 20:42:53, 139.747952, 35.678304
99, 2019-04-10 20:42:57, 139.746256, 35.679332
23, 2019-04-10 20:43:01, 139.74648, 35.679248
99, 2019-04-10 20:43:05, 139.746256, 35.679332
23, 2019-04-10 20:43:09, 139.74648, 35.679248
99, 2019-04-10 20:43:13, 139.746256, 35.679332
23, 2019-04-10 20:43:17, 139.74648, 35.679248
99, 2019-04-10 20:43:21, 139.746256, 35.679332
23, 2019-04-10 20:43:25, 139.74648, 35.679248
99, 2019-04-10 20:43:29, 139.746256, 35.679332
23, 2019-04-10 20:43:33, 139.74648, 35.679248
99, 2019-04-10 20:43:37, 139.746256, 35.679332
23, 2019-04-10 20:43:41, 139.74648, 35.679248
99, 2019-04-10 20:43:45, 139.746768, 35.689264
23, 2019-04-10 20:43:49, 139.745712, 35.688956
99, 2019-04-10 20:43:53, 139.74872, 35.689432
23, 2019-04-10 20:43:57, 139.747296, 35.68936
99, 2019-04-10 20:44:01, 139.750208, 35.689392
23, 2019-04-10 20:44:05, 139.74912, 35.689408
99, 2019-04-10 20:44:09, 139.751184, 35.68958
23, 2019-04-10 20:44:13, 139.750656, 35.68946
99, 2019-04-10 20:44:17, 139.751168, 35.689588
23, 2019-04-10 20:44:21, 139.751168, 35.68958
99, 2019-04-10 20:44:25, 139.751152, 35.689584
23, 2019-04-10 20:44:29, 139.751184, 35.689576
99, 2019-04-10 20:44:33, 139.751168, 35.689592
23, 2019-04-10 20:44:37, 139.7512, 35.689588
99, 2019-04-10 20:44:41, 139.751168, 35.689596
23, 2019-04-10 20:44:45, 139.7512, 35.6896
99, 2019-04-10 20:44:49, 139.751216, 35.689608
23, 2019-04-10 20:44:53, 139.751184, 35.6896
99, 2019-04-10 20:44:57, 139.751616, 35.689792
23, 2019-04-10 20:45:01, 139.751376, 35.689668
99, 2019-04-10 20:45:05, 139.751632, 35.689788
23, 2019-04-10 20:45:09, 139.751616, 35.689796
99, 2019-04-10 20:45:13, 139.751664, 35.689784
23, 2019-04-10 20:45:17, 139.751632, 35.689788
99, 2019-04-10 20:45:21, 139.751664, 35.689788
23, 2019-04-10 20:45:25, 139.751616, 35.689796
99, 2019-04-10 20:45:29, 139.751872, 35.689764
23, 2019-04-10 20:45:33, 139.751632, 35.689784
99, 2019-04-10 20:45:37, 139.752544, 35.689456
23, 2019-04-10 20:45:41, 139.75192, 35.689704
99, 2019-04-10 20:45:45, 139.753872, 35.6898
23, 2019-04-10 20:45:49, 139.752928, 35.689408
99, 2019-04-10 20:45:53, 139.75496, 35.690264
23, 2019-04-10 20:45:57, 139.754112, 35.689932
99, 2019-04-10 20:46:01, 139.755824, 35.690564
23, 2019-04-10 20:46:05, 139.75528, 35.6904
99, 2019-04-10 20:46:09, 139.75584, 35.690568
23, 2019-04-10 20:46:13, 139.755792, 35.690584
99, 2019-04-10 20:46:17, 139.75584, 35.690572
23, 2019-04-10 20:46:21, 139.755808, 35.690584
99, 2019-04-10 20:46:25, 139.755904, 35.690596
23, 2019-04-10 20:46:29, 139.75584, 35.69058
99, 2019-04-10 20:46:33, 139.756272, 35.690796
23, 2019-04-10 20:46:37, 139.756064, 35.690664
99, 2019-04-10 20:46:41, 139.756112, 35.691208
23, 2019-04-10 20:46:45, 139.75624, 35.690872
99, 2019-04-10 20:46:49, 139.75608, 35.69172
23, 2019-04-10 20:46:53, 139.756048, 35.691412
99, 2019-04-10 20:46:57, 139.756096, 35.691696
23, 2019-04-10 20:47:01, 139.756048, 35.6918
99, 2019-04-10 20:47:05, 139.756272, 35.692644
23, 2019-04-10 20:47:09, 139.756096, 35.69198
99, 2019-04-10 20:47:13, 139.756272, 35.693388
23, 2019-04-10 20:47:17, 139.756224, 35.69286
99, 2019-04-10 20:47:21, 139.755952, 35.694724
23, 2019-04-10 20:47:25, 139.756016, 35.693872
99, 2019-04-10 20:47:29, 139.755776, 35.695468
23, 2019-04-10 20:47:33, 139.755856, 35.695048
99, 2019-04-10 20:47:37, 139.755664, 35.695668
23, 2019-04-10 20:47:41, 139.755632, 35.695624
99, 2019-04-10 20:47:45, 139.755552, 35.695776
23, 2019-04-10 20:47:49, 139.755536, 35.69572
99, 2019-04-10 20:47:53, 139.755712, 35.695884
23, 2019-04-10 20:47:57, 139.755488, 35.695828
99, 2019-04-10 20:48:01, 139.756688, 35.695896
23, 2019-04-10 20:48:05, 139.75584, 35.695912
99, 2019-04-10 20:48:09, 139.757504, 35.695908
23, 2019-04-10 20:48:13, 139.757056, 35.695964
99, 2019-04-10 20:48:17, 139.75776, 35.695944
23, 2019-04-10 20:48:21, 139.7576, 35.695984
99, 2019-04-10 20:48:25, 139.75792, 35.696032
23, 2019-04-10 20:48:29, 139.757872, 35.696044
99, 2019-04-10 20:48:33, 139.757904, 35.696256
23, 2019-04-10 20:48:37, 139.757984, 35.696076
99, 2019-04-10 20:48:41, 139.757504, 35.697228
23, 2019-04-10 20:48:45, 139.757808, 35.696544
99, 2019-04-10 20:48:49, 139.757296, 35.697696
23, 2019-04-10 20:48:53, 139.757328, 35.697416
99, 2019-04-10 20:48:57, 139.7572, 35.697724
23, 2019-04-10 20:49:01, 139.757152, 35.697684
99, 2019-04-10 20:49:05, 139.757168, 35.69774
23, 2019-04-10 20:49:09, 139.757184, 35.697712
99, 2019-04-10 20:49:13, 139.757024, 35.697996
23, 2019-04-10 20:49:17, 139.757216, 35.697744
99, 2019-04-10 20:49:21, 139.756432, 35.699008
23, 2019-04-10 20:49:25, 139.756912, 35.698224
99, 2019-04-10 20:49:29, 139.755776, 35.70034
23, 2019-04-10 20:49:33, 139.756208, 35.6994
99, 2019-04-10 20:49:37, 139.75528, 35.701536
23, 2019-04-10 20:49:41, 139.755568, 35.700636
99, 2019-04-10 20:49:45, 139.755584, 35.702264
23, 2019-04-10 20:49:49, 139.7552, 35.701844
99, 2019-04-10 20:49:53, 139.756624, 35.702072
23, 2019-04-10 20:49:57, 139.75576, 35.702256
99, 2019-04-10 20:50:01, 139.758368, 35.701984
23, 2019-04-10 20:50:05, 139.757056, 35.702008
99, 2019-04-10 20:50:09, 139.760112, 35.702024
23, 2019-04-10 20:50:13, 139.758736, 35.702016
99, 2019-04-10 20:50:17, 139.76184, 35.701872
23, 2019-04-10 20:50:21, 139.760688, 35.702032
99, 2019-04-10 20:50:25, 139.761936, 35.70236
23, 2019-04-10 20:50:29, 139.761872, 35.701988
99, 2019-04-10 20:50:33, 139.761984, 35.703312
23, 2019-04-10 20:50:37, 139.76176, 35.702744
99, 2019-04-10 20:50:41, 139.761952, 35.703792
23, 2019-04-10 20:50:45, 139.761696, 35.703544
99, 2019-04-10 20:50:49, 139.761744, 35.704272
23, 2019-04-10 20:50:53, 139.761712, 35.704032
99, 2019-04-10 20:50:57, 139.76136, 35.70456
23, 2019-04-10 20:51:01, 139.761376, 35.704356
99, 2019-04-10 20:51:05, 139.761344, 35.704608
23, 2019-04-10 20:51:09, 139.76128, 35.704504
99, 2019-04-10 20:51:13, 139.761152, 35.70482
23, 2019-04-10 20:51:17, 139.761296, 35.704552
99, 2019-04-10 20:51:21, 139.760896, 35.705672
23, 2019-04-10 20:51:25, 139.761008, 35.704976
99, 2019-04-10 20:51:29, 139.760768, 35.706724
23, 2019-04-10 20:51:33, 139.760752, 35.705892
99, 2019-04-10 20:51:37, 139.760624, 35.70736
23, 2019-04-10 20:51:41, 139.760624, 35.707008
99, 2019-04-10 20:51:45, 139.76008, 35.7074
23, 2019-04-10 20:51:49, 139.760416, 35.707356
99, 2019-04-10 20:51:53, 139.759952, 35.707404
23, 2019-04-10 20:51:57, 139.75992, 35.70732
99, 2019-04-10 20:52:01, 139.759056, 35.707332
23, 2019-04-10 20:52:05, 139.759744, 35.707312
99, 2019-04-10 20:52:09, 139.7584, 35.707348
23, 2019-04-10 20:52:13, 139.758576, 35.707304
99, 2019-04-10 20:52:17, 139.758384, 35.707364
23, 2019-04-10 20:52:21, 139.758352, 35.707308
99, 2019-04-10 20:52:25, 139.758352, 35.707392
23, 2019-04-10 20:52:29, 139.758336, 35.707316
99, 2019-04-10 20:52:33, 139.758336, 35.707408
23, 2019-04-10 20:52:37, 139.758288, 35.70734
99, 2019-04-10 20:52:41, 139.757792, 35.707384
23, 2019-04-10 20:52:45, 139.758272, 35.707348
99, 2019-04-10 20:52:49, 139.756464, 35.707336
23, 2019-04-10 20:52:53, 139.757408, 35.70732
